source_path,package,kind,source_exists_before,source_size_bytes_before,archive_verified,dry_run_action,planned_method,reason,execution_result,return_code,execution_output_tail
<WSL_PREFLIGHT_ROOT>/PAPER10C_R1_BY3_GO2_PROVIDER_AND_READINESS_LSIM_CLOSURE,PAPER10C_R1_completed_runtime_archive.tar.xz,runtime,true,42067430710,true,DELETE_AFTER_VERIFY,rm -rf verified runtime dir,verified_runtime_archive_passed,DELETED,0,
<WSL_PREFLIGHT_ROOT>/PAPER10C_GO2_HIGH_LEVEL_PRIOR_EVIDENCE_FREEZE,PAPER10C_go2_evidence_runtime_archive.tar.xz,runtime,true,24883939613,true,DELETE_AFTER_VERIFY,rm -rf verified runtime dir,verified_runtime_archive_passed,DELETED,0,
<PAPER10C_R1B_STAGE_ROOT>,PAPER10C_R1B_final_runtime_snapshot.tar.xz,runtime,true,68164574,true,DELETE_AFTER_VERIFY,rm -rf verified runtime dir,verified_runtime_archive_passed,DELETED,0,
<WSL_PREFLIGHT_ROOT>/PAPER10B_R2B_ENV_REPAIR_RESUME_RUNNER_PATCH_AND_GIT_HYGIENE,PAPER10_recent_maintenance_runtime_archive.tar.xz,runtime,true,4856993,true,DELETE_AFTER_VERIFY,rm -rf verified runtime dir,verified_runtime_archive_passed,DELETED,0,
<WSL_PREFLIGHT_ROOT>/PAPER10B_R2C_REPAIR_EXISTING_DEFAULT_PYTHON3_AND_REINSTALL_CONDA_ONLY,PAPER10_recent_maintenance_runtime_archive.tar.xz,runtime,true,327715,true,DELETE_AFTER_VERIFY,rm -rf verified runtime dir,verified_runtime_archive_passed,DELETED,0,
<WSL_PREFLIGHT_ROOT>/PAPER10X_GIT_CONTEXT_CLEANUP_AND_COMMIT,PAPER10_recent_maintenance_runtime_archive.tar.xz,runtime,true,2091008,true,DELETE_AFTER_VERIFY,rm -rf verified runtime dir,verified_runtime_archive_passed,DELETED,0,
<WSL_PREFLIGHT_ROOT>/PAPER10C_R1A_RESUME_INTERRUPTED_GO2_BY3_MATRIX_AND_COMPLETE_STAGE,PAPER10_recent_maintenance_runtime_archive.tar.xz,runtime,true,8637370,true,DELETE_AFTER_VERIFY,rm -rf verified runtime dir,verified_runtime_archive_passed,DELETED,0,
<LEGSA_WORKTREE_ROOT>/PAPER10B_R2B_ENV_REPAIR_RESUME_RUNNER_PATCH_AND_GIT_HYGIENE,PAPER10_completed_worktrees_recent.tar.xz,worktree,true,12608339,true,DELETE_AFTER_VERIFY,git worktree remove verified clean worktree,verified_clean_worktree_archive_passed,DELETED,0,
<LEGSA_WORKTREE_ROOT>/PAPER10B_R2C_REPAIR_EXISTING_DEFAULT_PYTHON3_AND_REINSTALL_CONDA_ONLY,PAPER10_completed_worktrees_recent.tar.xz,worktree,true,12604802,true,DELETE_AFTER_VERIFY,git worktree remove verified clean worktree,verified_clean_worktree_archive_passed,DELETED,0,
