plot_id,required,title,output_group,scope_label,method_layer,renderer,source_root,source_file,required_fields,plot_kind,x_field,y_fields,category_field,layout,panel_count,allow_gap_fill,caption,registry_origin
GOV01_METHOD_LAYER_REGISTRY,true,Method and information-layer registry,00_OVERVIEW,MECHANISM ONLY,ALL,cross,comparison,13_HORIZONTAL_CROSS_LAYER_SYNTHESIS/00_METHOD_REGISTRY/FINAL_METHOD_REGISTRY_V2.csv,method_id;comparison_layer;primary_table_eligible;appendix_eligible;formal_method_counted,bar,method_id,primary_table_eligible;appendix_eligible;formal_method_counted,method_id,dense,2,false,Registry counts preserve raw LC observability and internal layers,RECONSTRUCTED_FROM_USER_CONTRACT_AND_STAGE13_LINKAGE_DRAFT_NOT_PRESENT
GOV02_REPRODUCTION_STATUS_MATRIX,true,Reproduction-level and claim-ceiling matrix,00_OVERVIEW,MECHANISM ONLY,ALL,cross,comparison,13_HORIZONTAL_CROSS_LAYER_SYNTHESIS/00_METHOD_REGISTRY/REPRODUCTION_LEVEL_REGISTRY.csv,method_id;reproduction_level;official_code_state;integrated_state,matrix,method_id,reproduction_level,integrated_state,dense,2,false,Reproduction identity is not an accuracy score,RECONSTRUCTED_FROM_USER_CONTRACT_AND_STAGE13_LINKAGE_DRAFT_NOT_PRESENT
GOV03_RESULT_IDENTITY_SCOPE_MAP,true,Formal diagnostic and structural result identities,00_OVERVIEW,DIAGNOSTIC ONLY,ALL,cross,comparison,13_HORIZONTAL_CROSS_LAYER_SYNTHESIS/01_EVIDENCE_INDEX/FINAL_RESULT_IDENTITY_LEDGER.csv,method_id;result_identity;evaluation_scope;eligible_for_coverage_aware_absolute_metric_reporting,bar,method_id,eligible_for_coverage_aware_absolute_metric_reporting,method_id,dense,2,false,Result identity is selected by method case and source path only,RECONSTRUCTED_FROM_USER_CONTRACT_AND_STAGE13_LINKAGE_DRAFT_NOT_PRESENT
GOV04_INPUT_OUTPUT_COMPATIBILITY,true,Input information and output metric compatibility,00_OVERVIEW,MECHANISM ONLY,ALL,cross,comparison,13_HORIZONTAL_CROSS_LAYER_SYNTHESIS/06_CROSS_LAYER_COMPARABILITY/OUTPUT_AND_METRIC_COMPATIBILITY.csv,method_id;comparison_layer;absolute_position_metrics;absolute_roll_pitch_yaw_metrics;native_baseline_heading_descriptive;gauge_equivalence;numerical_observability,matrix,method_id,absolute_position_metrics,comparison_layer,dense,2,false,Different information layers are not a flat filter ranking,RECONSTRUCTED_FROM_USER_CONTRACT_AND_STAGE13_LINKAGE_DRAFT_NOT_PRESENT
GOV05_REFERENCE_AND_CLAIM_CEILING,true,Reference roles and claim ceilings,00_OVERVIEW,MECHANISM ONLY,ALL,cross,comparison,13_HORIZONTAL_CROSS_LAYER_SYNTHESIS/06_CROSS_LAYER_COMPARABILITY/CLAIM_TO_EVIDENCE_MATRIX.csv,claim_id;claim_state;cross_layer_flat_ranking_allowed,bar,claim_id,cross_layer_flat_ranking_allowed,claim_id,dense,2,false,Claim ceilings remain attached to frozen evidence identities,RECONSTRUCTED_FROM_USER_CONTRACT_AND_STAGE13_LINKAGE_DRAFT_NOT_PRESENT
RAW01_NATIVE_STATE_COUNTS,true,Native output-state counts across the three primary raw methods,01_RAW_LAYER_OVERVIEW,NATIVE C00,RAW01 RAW02 RAW03,raw,comparison,13_HORIZONTAL_CROSS_LAYER_SYNTHESIS/02_RAW_DUAL_ANTENNA/RAW_AVAILABILITY_AND_STATE_SUMMARY.csv,method_id;mode_key;valid_count;float_count;paper_ratio_fixed_count;invalid_count,bar,method_id,valid_count;float_count;paper_ratio_fixed_count;invalid_count,method_id,dense,2,false,State names retain each paper native semantics,RECONSTRUCTED_FROM_USER_CONTRACT_AND_STAGE13_LINKAGE_DRAFT_NOT_PRESENT
RAW02_NATIVE_AVAILABILITY_RATES,true,Native availability rates without false fix unification,01_RAW_LAYER_OVERVIEW,NATIVE C00,RAW01 RAW02 RAW03,raw,comparison,13_HORIZONTAL_CROSS_LAYER_SYNTHESIS/02_RAW_DUAL_ANTENNA/RAW_AVAILABILITY_AND_STATE_SUMMARY.csv,method_id;valid_rate;correct_ambiguity_known,bar,method_id,valid_rate;correct_ambiguity_known,method_id,normal,2,false,Availability is not correct ambiguity or a shared fix success rate,RECONSTRUCTED_FROM_USER_CONTRACT_AND_STAGE13_LINKAGE_DRAFT_NOT_PRESENT
RAW03_STATE_VOCABULARY_SMALL_MULTIPLES,true,Native state vocabularies and semantics,01_RAW_LAYER_OVERVIEW,MECHANISM ONLY,RAW01 RAW02 RAW03,raw,comparison,13_HORIZONTAL_CROSS_LAYER_SYNTHESIS/02_RAW_DUAL_ANTENNA/RAW_AVAILABILITY_AND_STATE_SUMMARY.csv,method_id;native_state_vocabulary;state_semantics;valid_count,bar,method_id,valid_count,native_state_vocabulary,dense,2,false,Global optimum certified integer solutions accepted wrapped solutions and paper-ratio-fixed states stay distinct,RECONSTRUCTED_FROM_USER_CONTRACT_AND_STAGE13_LINKAGE_DRAFT_NOT_PRESENT
RAW04_FAILURE_CODE_COMPOSITION,true,Raw-method failure-row composition,01_RAW_LAYER_OVERVIEW,MECHANISM ONLY,RAW01 RAW02 RAW03,raw,comparison,13_HORIZONTAL_CROSS_LAYER_SYNTHESIS/02_RAW_DUAL_ANTENNA/RAW_RUNTIME_AND_FAILURE_SUMMARY.csv,method_id;mode_key;failure_row_count;failure_code_counts,bar,method_id,failure_row_count,method_id,dense,2,false,Failure counts are native method diagnostics,RECONSTRUCTED_FROM_USER_CONTRACT_AND_STAGE13_LINKAGE_DRAFT_NOT_PRESENT
RAW05_RUNTIME_ECDF_ROW_LEVEL,true,EXT01 row-level runtime ECDF,02_EXT01_CLAMBDA,NATIVE C00,RAW01 EXT01,raw,comparison,02_EXT01_CLAMBDA/C00_VALIDATED_R2/EXT01_C00_VALIDATED_RUNTIME.csv,epoch_index;runtime_seconds;row_status;failure_code,ecdf,epoch_index,runtime_seconds,row_status,normal,2,false,Runtime is implementation and hardware dependent,RECONSTRUCTED_FROM_USER_CONTRACT_AND_STAGE13_LINKAGE_DRAFT_NOT_PRESENT
RAW06_RUNTIME_SUMMARY_MEAN_P95_MAX,true,Raw-method runtime mean P95 and maximum,01_RAW_LAYER_OVERVIEW,MECHANISM ONLY,RAW01 RAW02 RAW03,raw,comparison,13_HORIZONTAL_CROSS_LAYER_SYNTHESIS/02_RAW_DUAL_ANTENNA/RAW_RUNTIME_AND_FAILURE_SUMMARY.csv,method_id;mode_key;runtime_mean_s;runtime_p95_s;runtime_max_s,bar,method_id,runtime_mean_s;runtime_p95_s;runtime_max_s,method_id,dense,2,false,Runtime comparison is descriptive only,RECONSTRUCTED_FROM_USER_CONTRACT_AND_STAGE13_LINKAGE_DRAFT_NOT_PRESENT
RAW07_NATIVE_STATE_TIMELINES,true,EXT02 accepted-wrapped and baseline timeline,03_EXT02_CWLS,NATIVE C00,RAW02 EXT02,raw,comparison,03_EXT02_CWLS/C00/EXT02_C00_NATIVE_HEADING_RESULTS.csv,epoch_index;method_native_accepted;baseline_length_m;solution_state,timeline,epoch_index,method_native_accepted;baseline_length_m,solution_state,dense,2,false,Accepted wrapped solution is not ambiguity correctness,RECONSTRUCTED_FROM_USER_CONTRACT_AND_STAGE13_LINKAGE_DRAFT_NOT_PRESENT
RAW08_BASELINE_LENGTH_DISTRIBUTIONS,true,EXT03 ten-mode baseline-length distributions,04_EXT03_YANG2024,NATIVE C00,RAW03 EXT03,raw,comparison,04_EXT03_YANG2024/C00/EXT03_C00_NATIVE_HEADING_RESULTS.csv,epoch_index;system_mode;constraint_mode;baseline_length_m;solution_state,ecdf,epoch_index,baseline_length_m,system_mode,dense,2,false,All ten registered Yang modes are retained,RECONSTRUCTED_FROM_USER_CONTRACT_AND_STAGE13_LINKAGE_DRAFT_NOT_PRESENT
RAW09_BASELINE_LENGTH_TIME_SERIES,true,EXT03 ten-mode baseline-length time series,04_EXT03_YANG2024,NATIVE C00,RAW03 EXT03,raw,comparison,04_EXT03_YANG2024/C00/EXT03_C00_NATIVE_HEADING_RESULTS.csv,epoch_index;system_mode;constraint_mode;baseline_length_m,line,epoch_index,baseline_length_m,system_mode,dense,2,false,Hard-constrained baseline length; not independent accuracy evidence.,RECONSTRUCTED_FROM_USER_CONTRACT_AND_STAGE13_LINKAGE_DRAFT_NOT_PRESENT
RAW10_HEADING_AND_BODY_YAW_CIRCULAR_PANELS,true,Raw native heading and body-yaw circular summaries,01_RAW_LAYER_OVERVIEW,NATIVE C00,RAW01 RAW02 RAW03,raw,comparison,13_HORIZONTAL_CROSS_LAYER_SYNTHESIS/02_RAW_DUAL_ANTENNA/RAW_BASELINE_AND_HEADING_SUMMARY.csv,method_id;mode_key;baseline_heading_circular_mean_deg;baseline_heading_resultant_length;body_yaw_circular_mean_deg;body_yaw_resultant_length,bar,method_id,baseline_heading_circular_mean_deg;baseline_heading_resultant_length;body_yaw_circular_mean_deg;body_yaw_resultant_length,method_id,dense,2,false,Native heading is descriptive and not a full-navigation rank,RECONSTRUCTED_FROM_USER_CONTRACT_AND_STAGE13_LINKAGE_DRAFT_NOT_PRESENT
RAW11_CONTINUITY_AND_GAP_PANEL,true,Raw output continuity and maximum-gap panel,01_RAW_LAYER_OVERVIEW,NATIVE C00,RAW01 RAW02 RAW03,raw,comparison,13_HORIZONTAL_CROSS_LAYER_SYNTHESIS/02_RAW_DUAL_ANTENNA/RAW_BASELINE_AND_HEADING_SUMMARY.csv,method_id;mode_key;continuity_epoch_count;max_index_gap;max_time_gap_s,bar,method_id,continuity_epoch_count;max_index_gap;max_time_gap_s,method_id,dense,2,false,Continuity uses native valid-output semantics,RECONSTRUCTED_FROM_USER_CONTRACT_AND_STAGE13_LINKAGE_DRAFT_NOT_PRESENT
RAW12_YANG_MODE_STATE_GRID,true,Yang 2024 all-ten-mode state grid,04_EXT03_YANG2024,NATIVE C00,RAW03 EXT03,raw,comparison,04_EXT03_YANG2024/C00/EXT03_C00_MODE_SUMMARY.csv,system_mode;constraint_mode;baseline_sigma_m;valid_count;float_count;paper_ratio_fixed_count;invalid_count,heatmap,system_mode,valid_count;float_count;paper_ratio_fixed_count;invalid_count,constraint_mode,dense,2,false,All ten modes are displayed without error-based selection,RECONSTRUCTED_FROM_USER_CONTRACT_AND_STAGE13_LINKAGE_DRAFT_NOT_PRESENT
EXT04_01_FAR_PAR_INVALID_FLOW,true,EXT04 FAR PAR invalid and accepted flow,05_EXT04_DIAGNOSTIC,MECHANISM ONLY,EXT04,raw,comparison,05_EXT04_WU2025_MODULE/C00/EXT04_C00_POLICY_SUMMARY.csv,policy_identity;system_mode;FAR_ACCEPTED_count;FAR_REJECTED_count;PAR_ACCEPTED_count;PAR_EXHAUSTED_count;INVALID_count;accepted_count,bar,policy_identity,FAR_ACCEPTED_count;FAR_REJECTED_count;PAR_ACCEPTED_count;PAR_EXHAUSTED_count;INVALID_count;accepted_count,system_mode,dense,2,false,Policy diagnostic; accepted=0 is retained literally,RECONSTRUCTED_FROM_USER_CONTRACT_AND_STAGE13_LINKAGE_DRAFT_NOT_PRESENT
EXT04_02_POLICY_MODE_STATE_HEATMAP,true,EXT04 policy-mode state heatmap,05_EXT04_DIAGNOSTIC,MECHANISM ONLY,EXT04,raw,comparison,05_EXT04_WU2025_MODULE/C00/EXT04_C00_POLICY_SUMMARY.csv,policy_identity;system_mode;FAR_REJECTED_count;PAR_EXHAUSTED_count;INVALID_count;accepted_count,heatmap,policy_identity,FAR_REJECTED_count;PAR_EXHAUSTED_count;INVALID_count;accepted_count,system_mode,dense,2,false,Policy diagnostic; exact PAR policy remains under-specified,RECONSTRUCTED_FROM_USER_CONTRACT_AND_STAGE13_LINKAGE_DRAFT_NOT_PRESENT
EXT04_03_AMBIGUITY_QC_BASELINE_FUNNEL,true,EXT04 ambiguity and quality-control funnel,05_EXT04_DIAGNOSTIC,MECHANISM ONLY,EXT04,raw,comparison,05_EXT04_WU2025_MODULE/C00/EXT04_C00_POLICY_SUMMARY.csv,policy_identity;row_count;full_ambiguity_count;ADOP_pass_count;baseline_validation_pass_count;posterior_residual_pass_count;accepted_count,bar,policy_identity,row_count;full_ambiguity_count;ADOP_pass_count;baseline_validation_pass_count;posterior_residual_pass_count;accepted_count,policy_identity,dense,2,false,Quality gates are mechanism evidence only and accepted=0,RECONSTRUCTED_FROM_USER_CONTRACT_AND_STAGE13_LINKAGE_DRAFT_NOT_PRESENT
EXT04_04_POLICY_MODE_RUNTIME,true,EXT04 policy-mode runtime,05_EXT04_DIAGNOSTIC,MECHANISM ONLY,EXT04,raw,comparison,05_EXT04_WU2025_MODULE/C00/EXT04_C00_POLICY_SUMMARY.csv,policy_identity;system_mode;allocated_runtime_seconds_total;shared_chain_mode_runtime_seconds_total;subset_runtime_seconds,bar,policy_identity,allocated_runtime_seconds_total;shared_chain_mode_runtime_seconds_total;subset_runtime_seconds,system_mode,dense,2,false,Runtime is descriptive only,RECONSTRUCTED_FROM_USER_CONTRACT_AND_STAGE13_LINKAGE_DRAFT_NOT_PRESENT
LC01_FORMAL_C00_COVERAGE,true,LC01 and GINav formal C00 coverage,06_SOLUTION_LC_OVERVIEW,COVERAGE-AWARE,LC01 GINAV,lc,comparison,13_HORIZONTAL_CROSS_LAYER_SYNTHESIS/03_SOLUTION_LEVEL_LC/SOLUTION_LEVEL_LC_C00_FORMAL_SUMMARY.csv,method_id;matched_rows;row_coverage_fraction;temporal_span_coverage_fraction,bar,method_id,matched_rows;row_coverage_fraction;temporal_span_coverage_fraction,method_id,normal,2,false,Each method retains its own legal formal support,RECONSTRUCTED_FROM_USER_CONTRACT_AND_STAGE13_LINKAGE_DRAFT_NOT_PRESENT
LC02_FORMAL_POSITION_METRICS,true,LC01 and GINav formal C00 position metrics,06_SOLUTION_LC_OVERVIEW,COVERAGE-AWARE,LC01 GINAV,lc,comparison,13_HORIZONTAL_CROSS_LAYER_SYNTHESIS/03_SOLUTION_LEVEL_LC/SOLUTION_LEVEL_LC_C00_FORMAL_SUMMARY.csv,method_id;horizontal_rmse_m;position_3d_rmse_m;north_rmse_m;east_rmse_m;up_rmse_m,bar,method_id,horizontal_rmse_m;position_3d_rmse_m;north_rmse_m;east_rmse_m;up_rmse_m,method_id,dense,2,false,Accuracy and availability must be read together,RECONSTRUCTED_FROM_USER_CONTRACT_AND_STAGE13_LINKAGE_DRAFT_NOT_PRESENT
LC03_FORMAL_ATTITUDE_METRICS,true,LC01 and GINav formal C00 attitude metrics,06_SOLUTION_LC_OVERVIEW,COVERAGE-AWARE,LC01 GINAV,lc,comparison,13_HORIZONTAL_CROSS_LAYER_SYNTHESIS/03_SOLUTION_LEVEL_LC/SOLUTION_LEVEL_LC_C00_FORMAL_SUMMARY.csv,method_id;roll_rmse_deg;pitch_rmse_deg;yaw_rmse_deg,bar,method_id,roll_rmse_deg;pitch_rmse_deg;yaw_rmse_deg,method_id,normal,2,false,Formal metrics are coverage-aware and not a same-timestamp rank,RECONSTRUCTED_FROM_USER_CONTRACT_AND_STAGE13_LINKAGE_DRAFT_NOT_PRESENT
LC04_FORMAL_TAIL_METRICS,true,LC01 and GINav formal C00 P95 P99 and maxima,06_SOLUTION_LC_OVERVIEW,COVERAGE-AWARE,LC01 GINAV,lc,comparison,13_HORIZONTAL_CROSS_LAYER_SYNTHESIS/03_SOLUTION_LEVEL_LC/SOLUTION_LEVEL_LC_C00_FORMAL_SUMMARY.csv,method_id;horizontal_p95_m;horizontal_p99_m;horizontal_max_m;yaw_p95_deg;yaw_p99_deg;yaw_max_deg,bar,method_id,horizontal_p95_m;horizontal_p99_m;horizontal_max_m;yaw_p95_deg;yaw_p99_deg;yaw_max_deg,method_id,dense,2,false,Tail metrics preserve formal native availability,RECONSTRUCTED_FROM_USER_CONTRACT_AND_STAGE13_LINKAGE_DRAFT_NOT_PRESENT
LC05_TIME_SUPPORT_GAPS_SEGMENTS,true,LC formal time support gaps and segments,06_SOLUTION_LC_OVERVIEW,COVERAGE-AWARE,LC01 GINAV,lc,comparison,13_HORIZONTAL_CROSS_LAYER_SYNTHESIS/03_SOLUTION_LEVEL_LC/SOLUTION_LEVEL_LC_C00_FORMAL_SUMMARY.csv,method_id;first_valid_output_s;last_valid_output_s;max_gap_s;segment_count,bar,method_id,first_valid_output_s;last_valid_output_s;max_gap_s;segment_count,method_id,dense,2,false,GINav pre-alignment no-output interval is not filled,RECONSTRUCTED_FROM_USER_CONTRACT_AND_STAGE13_LINKAGE_DRAFT_NOT_PRESENT
LC06_INITIALIZATION_AND_UPDATE_FUNNEL,true,LC initialization and update availability funnel,06_SOLUTION_LC_OVERVIEW,COVERAGE-AWARE,LC01 GINAV,lc,comparison,13_HORIZONTAL_CROSS_LAYER_SYNTHESIS/03_SOLUTION_LEVEL_LC/SOLUTION_LEVEL_LC_AVAILABILITY_SUMMARY.csv,method_id;support_or_group;configured_epochs;official_eligible_epochs;spp_valid;spp_invalid;native_rows;matched_rows;update_count,bar,method_id,configured_epochs;official_eligible_epochs;spp_valid;spp_invalid;native_rows;matched_rows;update_count,support_or_group,dense,2,false,GINav late alignment and low SPP LC availability are explicit,RECONSTRUCTED_FROM_USER_CONTRACT_AND_STAGE13_LINKAGE_DRAFT_NOT_PRESENT
LC07_GINAV_STATUS_TIMELINE,true,GINav native status and LC-update timeline,08_LC02_GINAV,COVERAGE-AWARE,GINAV LC02,lc,comparison,11_LC02_GINAV2021_OFFICIAL_REPRODUCTION/coverage_aware_c00/GINAV_BY2_C00_STANDARD_NAV.csv,relative_time_s;status_code;status_name;satellite_count;lc_update;ins_only;alignment_row,timeline,relative_time_s,status_code;satellite_count;lc_update;ins_only,status_name,dense,2,false,No interpolation or pre-alignment output filling is performed,RECONSTRUCTED_FROM_USER_CONTRACT_AND_STAGE13_LINKAGE_DRAFT_NOT_PRESENT
LC08_GINAV_LC_UPDATE_VS_INS_ONLY,true,GINav LC-update versus INS-only mechanism groups,08_LC02_GINAV,DIAGNOSTIC ONLY,GINAV LC02,lc,comparison,11_LC02_GINAV2021_OFFICIAL_REPRODUCTION/coverage_aware_c00/GINAV_C00_NATIVE_SUPPORT_EVALUATION.csv,evaluation_scope;diagnostic_group;matched_rows;horizontal_rmse_m;position_3d_rmse_m;roll_rmse_deg;pitch_rmse_deg;yaw_rmse_deg,bar,evaluation_scope,horizontal_rmse_m;position_3d_rmse_m;roll_rmse_deg;pitch_rmse_deg;yaw_rmse_deg,evaluation_scope,dense,2,false,LC-update and INS-only groups diagnose mechanism and never replace overall native metrics,RECONSTRUCTED_FROM_USER_CONTRACT_AND_STAGE13_LINKAGE_DRAFT_NOT_PRESENT
LC09_PAVLASEK_INNOVATION_AND_NIS,true,LC01 Pavlasek innovation and normalized NIS,07_LC01_PAVLASEK,NATIVE C00,LC01 PAVLASEK,lc,comparison,06_EXT05_PAVLASEK_TWO_RECEIVER/C00/EXT05A_C00_NIS_DIAGNOSTICS.csv,method_id;time_seconds;nis;degrees_of_freedom;normalized_nis,line,time_seconds,nis;normalized_nis,method_id,dense,2,false,Two receiver positions and correlated covariance define this solution-level comparator,RECONSTRUCTED_FROM_USER_CONTRACT_AND_STAGE13_LINKAGE_DRAFT_NOT_PRESENT
LC10_COMMON_SUPPORT_77_DIAGNOSTIC,true,77-epoch common-support diagnostic only,13_DIAGNOSTIC_ONLY,DIAGNOSTIC ONLY,LC01 GINAV F02 F03 A04 F04,lc,comparison,12_FINAL_EVIDENCE_INTEGRATION/FINAL_C00_COMMON_SUPPORT_DIAGNOSTIC.csv,method_id;matched_rows;horizontal_rmse_m;position_3d_rmse_m;roll_rmse_deg;pitch_rmse_deg;yaw_rmse_deg,bar,method_id,horizontal_rmse_m;position_3d_rmse_m;roll_rmse_deg;pitch_rmse_deg;yaw_rmse_deg,method_id,dense,2,false,77 epochs; diagnostic only; not a formal C00 ranking,RECONSTRUCTED_FROM_USER_CONTRACT_AND_STAGE13_LINKAGE_DRAFT_NOT_PRESENT
HAR01_ACTIVE_CONTACT_COUNT_TIMELINE,true,Hartley active-contact timeline,09_HARTLEY_OBSERVABILITY,MECHANISM ONLY,LSE01 HARTLEY,hartley,comparison,07_LSE01_HARTLEY_CONTACT_INEKF/08_BY2_NATIVE/01_PRIMARY_GO2_ALLAN_EQ61_FK10MM/CONTACT_STATE.csv,row_index;leg;active,timeline,row_index,active,leg,dense,2,false,Contact topology is a proprioceptive input and not truth,RECONSTRUCTED_FROM_USER_CONTRACT_AND_STAGE13_LINKAGE_DRAFT_NOT_PRESENT
HAR02_LEG_CONTACT_RASTER,true,Hartley per-leg contact raster,09_HARTLEY_OBSERVABILITY,MECHANISM ONLY,LSE01 HARTLEY,hartley,comparison,07_LSE01_HARTLEY_CONTACT_INEKF/08_BY2_NATIVE/01_PRIMARY_GO2_ALLAN_EQ61_FK10MM/CONTACT_STATE.csv,row_index;leg_id;leg;active,heatmap,row_index,active,leg,dense,2,false,Contact topology is displayed without absolute accuracy claims,RECONSTRUCTED_FROM_USER_CONTRACT_AND_STAGE13_LINKAGE_DRAFT_NOT_PRESENT
HAR03_STATE_DIMENSION_BY_CONTACT_COUNT,true,Hartley contact count and implied state-dimension support,09_HARTLEY_OBSERVABILITY,STRUCTURAL ONLY,LSE01 HARTLEY,hartley,comparison,07_LSE01_HARTLEY_CONTACT_INEKF/08_BY2_NATIVE/01_PRIMARY_GO2_ALLAN_EQ61_FK10MM/NIS_DIAGNOSTICS.csv,row_index;contact_count;factorization_ok,timeline,row_index,contact_count;factorization_ok,contact_count,dense,2,false,State support is contact-topology conditioned,RECONSTRUCTED_FROM_USER_CONTRACT_AND_STAGE13_LINKAGE_DRAFT_NOT_PRESENT
HAR04_KINEMATIC_INNOVATION_BY_LEG,true,Hartley kinematic innovation by leg,09_HARTLEY_OBSERVABILITY,MECHANISM ONLY,LSE01 HARTLEY,hartley,comparison,07_LSE01_HARTLEY_CONTACT_INEKF/08_BY2_NATIVE/01_PRIMARY_GO2_ALLAN_EQ61_FK10MM/KINEMATIC_INNOVATIONS.csv,row_index;leg;innovation_x;innovation_y;innovation_z,line,row_index,innovation_x;innovation_y;innovation_z,leg,dense,2,false,Kinematic innovations are native mechanism diagnostics,RECONSTRUCTED_FROM_USER_CONTRACT_AND_STAGE13_LINKAGE_DRAFT_NOT_PRESENT
HAR05_NATIVE_NIS_TIME_AND_CONTACT,true,Hartley native NIS and contact count,09_HARTLEY_OBSERVABILITY,MECHANISM ONLY,LSE01 HARTLEY,hartley,comparison,07_LSE01_HARTLEY_CONTACT_INEKF/08_BY2_NATIVE/01_PRIMARY_GO2_ALLAN_EQ61_FK10MM/NIS_DIAGNOSTICS.csv,row_index;contact_count;nis;factorization_ok,line,row_index,nis;contact_count,contact_count,dense,2,false,NIS is conditioned on contact topology,RECONSTRUCTED_FROM_USER_CONTRACT_AND_STAGE13_LINKAGE_DRAFT_NOT_PRESENT
HAR06_GAUGE_EQUIVALENCE_QUANTILES,true,Hartley full-precision gauge-equivalence quantiles,09_HARTLEY_OBSERVABILITY,STRUCTURAL ONLY,LSE01 HARTLEY,hartley,comparison,13_HORIZONTAL_CROSS_LAYER_SYNTHESIS/04_PROPRIOCEPTIVE_OBSERVABILITY/HARTLEY_GAUGE_EQUIVALENCE_SUMMARY.csv,run_id;initial_yaw_deg;orientation_geodesic_difference_rad_p95;velocity_difference_m_per_s_p95;position_difference_m_p95;relative_yaw_increment_difference_rad_p95;innovation_norm_difference_p95,line,initial_yaw_deg,orientation_geodesic_difference_rad_p95;velocity_difference_m_per_s_p95;position_difference_m_p95;relative_yaw_increment_difference_rad_p95;innovation_norm_difference_p95,run_id,dense,2,false,Global yaw plus three translations are gauge dimensions,RECONSTRUCTED_FROM_USER_CONTRACT_AND_STAGE13_LINKAGE_DRAFT_NOT_PRESENT
HAR07_GAUGE_TOLERANCE_NORMALIZED,true,Hartley gauge residuals and numerical tolerances,09_HARTLEY_OBSERVABILITY,STRUCTURAL ONLY,LSE01 HARTLEY,hartley,comparison,13_HORIZONTAL_CROSS_LAYER_SYNTHESIS/04_PROPRIOCEPTIVE_OBSERVABILITY/HARTLEY_GAUGE_EQUIVALENCE_SUMMARY.csv,run_id;initial_yaw_deg;orientation_geodesic_difference_rad_max;orientation_geodesic_difference_rad_tolerance;position_difference_m_max;position_difference_m_tolerance;native_yaw_offset_residual_rad_max;native_yaw_offset_residual_rad_tolerance,bar,initial_yaw_deg,orientation_geodesic_difference_rad_max;orientation_geodesic_difference_rad_tolerance;position_difference_m_max;position_difference_m_tolerance;native_yaw_offset_residual_rad_max;native_yaw_offset_residual_rad_tolerance,run_id,dense,2,false,Residuals and frozen tolerances are plotted without absolute pose accuracy,RECONSTRUCTED_FROM_USER_CONTRACT_AND_STAGE13_LINKAGE_DRAFT_NOT_PRESENT
HAR08_OBSERVABILITY_RANK_NULLITY,true,Hartley observability rank and nullity,09_HARTLEY_OBSERVABILITY,STRUCTURAL ONLY,LSE01 HARTLEY,hartley,comparison,13_HORIZONTAL_CROSS_LAYER_SYNTHESIS/04_PROPRIOCEPTIVE_OBSERVABILITY/HARTLEY_OBSERVABILITY_SUMMARY.csv,model;window_id;contact_count;rank_at_base_threshold;nullity_at_base_threshold;expected_rank;expected_nullity,bar,model,rank_at_base_threshold;nullity_at_base_threshold;expected_rank;expected_nullity,contact_count,dense,2,false,Expected structural nullity is four,RECONSTRUCTED_FROM_USER_CONTRACT_AND_STAGE13_LINKAGE_DRAFT_NOT_PRESENT
HAR09_NONGAUGE_SINGULAR_AND_WEAK_DIRECTIONS,true,Hartley non-gauge singular values and weak directions,09_HARTLEY_OBSERVABILITY,STRUCTURAL ONLY,LSE01 HARTLEY,hartley,comparison,13_HORIZONTAL_CROSS_LAYER_SYNTHESIS/04_PROPRIOCEPTIVE_OBSERVABILITY/HARTLEY_OBSERVABILITY_SUMMARY.csv,model;contact_count;condition_number_after_gauge_projection;smallest_non_gauge_singular_value;bias_dominated_weak_direction_count,bar,model,condition_number_after_gauge_projection;smallest_non_gauge_singular_value;bias_dominated_weak_direction_count,contact_count,dense,2,false,Weak directions do not add an absolute-yaw metric,RECONSTRUCTED_FROM_USER_CONTRACT_AND_STAGE13_LINKAGE_DRAFT_NOT_PRESENT
HAR10_TOPOLOGY_NIS_CHI_SQUARE,true,Hartley topology-conditioned NIS and chi-square support,09_HARTLEY_OBSERVABILITY,MECHANISM ONLY,LSE01 HARTLEY,hartley,comparison,13_HORIZONTAL_CROSS_LAYER_SYNTHESIS/04_PROPRIOCEPTIVE_OBSERVABILITY/HARTLEY_NIS_TOPOLOGY_SUMMARY.csv,group_type;group_id;contact_count;nis_median;nis_p95;nis_over_dof_mean;chi_square_central_95_coverage;lower_tail_rate;upper_tail_rate,bar,group_id,nis_median;nis_p95;nis_over_dof_mean;chi_square_central_95_coverage;lower_tail_rate;upper_tail_rate,group_type,dense,2,false,Topology-conditioned NIS groups are not collapsed,RECONSTRUCTED_FROM_USER_CONTRACT_AND_STAGE13_LINKAGE_DRAFT_NOT_PRESENT
INT01_FORMAL_C00_RMSE,true,Internal formal C00 position and attitude RMSE,10_INTERNAL_C00,FORMAL C00,F02 F03 A04 F04,internal,comparison,13_HORIZONTAL_CROSS_LAYER_SYNTHESIS/05_INTERNAL_METHODS/INTERNAL_FORMAL_C00_SUMMARY.csv,method_id;case_id;horizontal_rmse_m;position_3d_rmse_m;roll_rmse_deg;pitch_rmse_deg;yaw_rmse_deg,bar,method_id,horizontal_rmse_m;position_3d_rmse_m;roll_rmse_deg;pitch_rmse_deg;yaw_rmse_deg,method_id,dense,2,false,Formal complete-window C00 values are separate from 541-case means,RECONSTRUCTED_FROM_USER_CONTRACT_AND_STAGE13_LINKAGE_DRAFT_NOT_PRESENT
INT02_FORMAL_C00_TAIL_METRICS,true,Internal formal C00 tail metrics,10_INTERNAL_C00,FORMAL C00,F02 F03 A04 F04,internal,comparison,13_HORIZONTAL_CROSS_LAYER_SYNTHESIS/05_INTERNAL_METHODS/INTERNAL_FORMAL_C00_SUMMARY.csv,method_id;case_id;horizontal_p95_m;horizontal_p99_m;horizontal_max_m;yaw_p95_absolute_deg;yaw_p99_absolute_deg;yaw_max_absolute_deg,bar,method_id,horizontal_p95_m;horizontal_p99_m;horizontal_max_m;yaw_p95_absolute_deg;yaw_p99_absolute_deg;yaw_max_absolute_deg,method_id,dense,2,false,Formal C00 tails are not 77-epoch diagnostics,RECONSTRUCTED_FROM_USER_CONTRACT_AND_STAGE13_LINKAGE_DRAFT_NOT_PRESENT
INT03_FORMAL_C00_COVERAGE_AND_TIME,true,Internal formal C00 coverage and time support,10_INTERNAL_C00,FORMAL C00,F02 F03 A04 F04,internal,comparison,13_HORIZONTAL_CROSS_LAYER_SYNTHESIS/05_INTERNAL_METHODS/INTERNAL_FORMAL_C00_SUMMARY.csv,method_id;case_id;matched_epoch_count;coverage_ratio;time_start_s;time_end_s;max_gap_s,bar,method_id,matched_epoch_count;coverage_ratio;time_start_s;time_end_s;max_gap_s,method_id,dense,2,false,All rows are exact current Canonical C00 identities,RECONSTRUCTED_FROM_USER_CONTRACT_AND_STAGE13_LINKAGE_DRAFT_NOT_PRESENT
INT04_C00_HORIZONTAL_AND_3D_ERROR_TIME,true,A04 formal C00 horizontal and 3D error time series,10_INTERNAL_C00,FORMAL C00,A04,internal,canonical,12_OFFLINE_EVALUATION/RUN_00006/error_series.csv.gz,time;horizontal_err_m;position_3d_err_m,line,time,horizontal_err_m;position_3d_err_m,time,dense,2,false,Display curve only; formal RMSE remains the frozen aggregate value,RECONSTRUCTED_FROM_USER_CONTRACT_AND_STAGE13_LINKAGE_DRAFT_NOT_PRESENT
INT05_C00_ATTITUDE_ERROR_TIME,true,A04 formal C00 attitude error time series,10_INTERNAL_C00,FORMAL C00,A04,internal,canonical,12_OFFLINE_EVALUATION/RUN_00006/error_series.csv.gz,time;roll_err_deg;pitch_err_deg;yaw_err_deg,line,time,roll_err_deg;pitch_err_deg;yaw_err_deg,time,dense,2,false,Display curve only; no metric is recomputed or substituted,RECONSTRUCTED_FROM_USER_CONTRACT_AND_STAGE13_LINKAGE_DRAFT_NOT_PRESENT
INT06_C00_ERROR_ECDF,true,A04 formal C00 error ECDF,10_INTERNAL_C00,FORMAL C00,A04,internal,canonical,12_OFFLINE_EVALUATION/RUN_00006/error_series.csv.gz,time;horizontal_err_m;position_3d_err_m;roll_err_deg;pitch_err_deg;yaw_err_deg,ecdf,time,horizontal_err_m;position_3d_err_m;roll_err_deg;pitch_err_deg;yaw_err_deg,time,dense,2,false,Derived ECDF is display-only and does not replace formal metrics,RECONSTRUCTED_FROM_USER_CONTRACT_AND_STAGE13_LINKAGE_DRAFT_NOT_PRESENT
INT07_A04_F04_C00_DELTA_AND_CONSISTENCY,true,A04 versus F04 formal C00 values and role consistency,10_INTERNAL_C00,FORMAL C00,A04 F04,internal,comparison,13_HORIZONTAL_CROSS_LAYER_SYNTHESIS/05_INTERNAL_METHODS/INTERNAL_FORMAL_C00_SUMMARY.csv,method_id;case_id;horizontal_rmse_m;position_3d_rmse_m;yaw_rmse_deg;coverage_ratio,bar,method_id,horizontal_rmse_m;position_3d_rmse_m;yaw_rmse_deg;coverage_ratio,method_id,normal,2,false,A04 core candidate and F04 tail-protection extension remain provisional,RECONSTRUCTED_FROM_USER_CONTRACT_AND_STAGE13_LINKAGE_DRAFT_NOT_PRESENT
C541_01_METHOD_DISTRIBUTION_SUMMARY,true,Canonical-541 method distribution summary,11_CANONICAL541,CANONICAL-541,F02 F03 A04 F04,canonical,canonical,13_AGGREGATE/UNIQUE_METHOD_SUMMARY.csv,method_id;metric_name;mean;median;p95;max,heatmap,method_id,mean;median;p95;max,metric_name,dense,2,false,541-case aggregates are never substituted for normal C00,RECONSTRUCTED_FROM_USER_CONTRACT_AND_STAGE13_LINKAGE_DRAFT_NOT_PRESENT
C541_02_POSITION_DISTRIBUTIONS,true,Canonical-541 position-metric distributions,11_CANONICAL541,CANONICAL-541,F02 F03 A04 F04,canonical,canonical,12_OFFLINE_EVALUATION/UNIQUE_EVALUATION_RESULTS.csv,method_id;case_id;horizontal_rmse_m;position_3d_rmse_m;horizontal_p95_m;position_3d_p95_m,ecdf,case_id,horizontal_rmse_m;position_3d_rmse_m;horizontal_p95_m;position_3d_p95_m,method_id,dense,2,false,All 541 cases are represented without replacing C00 values,RECONSTRUCTED_FROM_USER_CONTRACT_AND_STAGE13_LINKAGE_DRAFT_NOT_PRESENT
C541_03_ATTITUDE_DISTRIBUTIONS,true,Canonical-541 attitude-metric distributions,11_CANONICAL541,CANONICAL-541,F02 F03 A04 F04,canonical,canonical,12_OFFLINE_EVALUATION/UNIQUE_EVALUATION_RESULTS.csv,method_id;case_id;roll_rmse_deg;pitch_rmse_deg;yaw_rmse_deg;attitude_norm_rmse_deg,ecdf,case_id,roll_rmse_deg;pitch_rmse_deg;yaw_rmse_deg;attitude_norm_rmse_deg,method_id,dense,2,false,Attitude distributions are 541-case evidence only,RECONSTRUCTED_FROM_USER_CONTRACT_AND_STAGE13_LINKAGE_DRAFT_NOT_PRESENT
C541_04_CASE_FAMILY_HEATMAP,true,Canonical-541 case-family metric heatmap,11_CANONICAL541,CANONICAL-541,F02 F03 A04 F04,canonical,canonical,13_AGGREGATE/FAMILY_SUMMARY.csv,case_family;method_id;metric_name;mean;median;p95,heatmap,case_family,mean;median;p95,method_id,dense,2,false,Family behavior is distinct from the single normal C00 case,RECONSTRUCTED_FROM_USER_CONTRACT_AND_STAGE13_LINKAGE_DRAFT_NOT_PRESENT
C541_05_DEGRADATION_TYPE_HEATMAP,true,Canonical-541 degradation-type heatmap,11_CANONICAL541,CANONICAL-541,F02 F03 A04 F04,canonical,canonical,13_AGGREGATE/DEGRADATION_TYPE_SUMMARY.csv,degradation_id;method_id;metric_name;mean,heatmap,degradation_id,mean,method_id,dense,2,false,Degradation summaries retain all frozen types,RECONSTRUCTED_FROM_USER_CONTRACT_AND_STAGE13_LINKAGE_DRAFT_NOT_PRESENT
C541_06_A04_F04_PAIRED_DELTA_DISTRIBUTION,true,A04 versus F04 paired delta distribution,11_CANONICAL541,CANONICAL-541,A04 F04,canonical,canonical,13_AGGREGATE/PAIRWISE_CASE_LEVEL.csv,comparison;candidate_method_id;reference_method_id;case_id;case_family;metric_name;delta_candidate_minus_reference,ecdf,case_id,delta_candidate_minus_reference,case_family,dense,2,false,F04 minus A04; negative favors F04,RECONSTRUCTED_FROM_USER_CONTRACT_AND_STAGE13_LINKAGE_DRAFT_NOT_PRESENT
C541_07_A04_F04_PAIRED_SCATTER,true,A04 versus F04 paired values,11_CANONICAL541,CANONICAL-541,A04 F04,canonical,canonical,13_AGGREGATE/PAIRWISE_CASE_LEVEL.csv,comparison;candidate_method_id;reference_method_id;case_id;metric_name;candidate_value;reference_value;delta_candidate_minus_reference,scatter,reference_value,candidate_value;delta_candidate_minus_reference,metric_name,dense,2,false,Exact F04 and A04 case identities; negative F04 minus A04 favors F04,RECONSTRUCTED_FROM_USER_CONTRACT_AND_STAGE13_LINKAGE_DRAFT_NOT_PRESENT
C541_08_WIN_TIE_LOSS_BY_FAMILY,true,Canonical-541 win tie loss by family,11_CANONICAL541,CANONICAL-541,A04 F04,canonical,canonical,13_AGGREGATE/PAIRWISE_SUMMARY.csv,comparison;metric_name;scope;family;win_count;tie_count;loss_count;win_rate,bar,family,win_count;tie_count;loss_count;win_rate,comparison,dense,2,false,Pairwise records retain metric scope and family,RECONSTRUCTED_FROM_USER_CONTRACT_AND_STAGE13_LINKAGE_DRAFT_NOT_PRESENT
C541_09_MODULE_ACTION_SUMMARY,true,Canonical-541 module action and touch summary,11_CANONICAL541,CANONICAL-541,A04 F04,canonical,canonical,13_AGGREGATE/MODULE_ACTION_SUMMARY.csv,method_id;case_family;metric_name;mean;p95;max,heatmap,method_id,mean;p95;max,case_family,dense,2,false,Module actions support bounded protective interpretation,RECONSTRUCTED_FROM_USER_CONTRACT_AND_STAGE13_LINKAGE_DRAFT_NOT_PRESENT
C541_10_RUNTIME_SUMMARY,true,Canonical-541 global runtime summary,11_CANONICAL541,CANONICAL-541,F02 F03 A04 F04,canonical,canonical,13_AGGREGATE/RUNTIME_SUMMARY.csv,method_id;case_family;metric_name;count;mean;total_cpu_time_seconds,bar,metric_name,count;mean;total_cpu_time_seconds,method_id,normal,2,false,Frozen aggregate contains one global runtime row; no per-method runtime is inferred,RECONSTRUCTED_FROM_USER_CONTRACT_AND_STAGE13_LINKAGE_DRAFT_NOT_PRESENT
C541_11_METRIC_COVERAGE_AND_C00_IDENTITY,true,Canonical-541 metric coverage with explicit C00 separation,11_CANONICAL541,CANONICAL-541,F02 F03 A04 F04,canonical,canonical,13_AGGREGATE/METRIC_COVERAGE_REPORT.csv,metric_name;supported;non_null_rows;total_rows;coverage_ratio,bar,metric_name,non_null_rows;total_rows;coverage_ratio,metric_name,dense,2,false,Metric coverage is aggregate QA and C00 formal identity remains in INT tables,RECONSTRUCTED_FROM_USER_CONTRACT_AND_STAGE13_LINKAGE_DRAFT_NOT_PRESENT
XLYR01_COMPARABILITY_MATRIX,true,Cross-layer pairwise comparability matrix,12_CROSS_LAYER_SYNTHESIS,MECHANISM ONLY,ALL,cross,comparison,13_HORIZONTAL_CROSS_LAYER_SYNTHESIS/06_CROSS_LAYER_COMPARABILITY/CROSS_LAYER_COMPARABILITY_MATRIX.csv,method_a;method_b;allowed_comparison_type;direct_numeric_comparison_allowed;flat_filter_formula_ranking_allowed,matrix,method_a,direct_numeric_comparison_allowed,method_b,dense,2,false,Cross-layer methods are not a flat pure-filter ranking,RECONSTRUCTED_FROM_USER_CONTRACT_AND_STAGE13_LINKAGE_DRAFT_NOT_PRESENT
XLYR02_AVAILABILITY_FAILURE_MATRIX,true,Cross-layer availability and failure boundary matrix,12_CROSS_LAYER_SYNTHESIS,MECHANISM ONLY,ALL,cross,comparison,13_HORIZONTAL_CROSS_LAYER_SYNTHESIS/06_CROSS_LAYER_COMPARABILITY/FAILURE_AND_APPLICABILITY_MATRIX.csv,method_id;comparison_layer;availability_summary;primary_failure_or_boundary;applicability_ceiling,bar,method_id,availability_summary,comparison_layer,dense,2,false,Availability and applicability boundaries remain method native,RECONSTRUCTED_FROM_USER_CONTRACT_AND_STAGE13_LINKAGE_DRAFT_NOT_PRESENT
XLYR03_COVERAGE_GAP_MATRIX,true,Cross-layer evidence coverage-gap matrix,12_CROSS_LAYER_SYNTHESIS,MECHANISM ONLY,ALL,cross,comparison,13_HORIZONTAL_CROSS_LAYER_SYNTHESIS/07_COMPLETENESS_AUDIT/COVERAGE_GAP_MATRIX.csv,method_id;metric_or_evidence_family;availability_state;primary_table_eligible,matrix,method_id,primary_table_eligible,metric_or_evidence_family,dense,2,false,Unavailable and structural-only evidence is not converted to zero,RECONSTRUCTED_FROM_USER_CONTRACT_AND_STAGE13_LINKAGE_DRAFT_NOT_PRESENT
XLYR04_CLAIM_TO_EVIDENCE_MATRIX,true,Cross-layer claim-to-evidence matrix,12_CROSS_LAYER_SYNTHESIS,MECHANISM ONLY,ALL,cross,comparison,13_HORIZONTAL_CROSS_LAYER_SYNTHESIS/06_CROSS_LAYER_COMPARABILITY/CLAIM_TO_EVIDENCE_MATRIX.csv,claim_id;claim_state;cross_layer_flat_ranking_allowed,bar,claim_id,cross_layer_flat_ranking_allowed,claim_state,dense,2,false,Each claim remains bounded by its evidence layer,RECONSTRUCTED_FROM_USER_CONTRACT_AND_STAGE13_LINKAGE_DRAFT_NOT_PRESENT
XLYR05_RAW_APPLICABILITY_COMPOSITE,true,Primary raw-method applicability composite,12_CROSS_LAYER_SYNTHESIS,NATIVE C00,RAW01 RAW02 RAW03,raw,comparison,13_HORIZONTAL_CROSS_LAYER_SYNTHESIS/02_RAW_DUAL_ANTENNA/RAW_PRIMARY_METHOD_C00_SUMMARY.csv,method_id;input_epochs;output_rows;valid_output_count;valid_output_rate;invalid_count;ambiguity_correctness_known,bar,method_id,input_epochs;output_rows;valid_output_count;valid_output_rate;invalid_count;ambiguity_correctness_known,method_id,dense,2,false,Three primary raw methods are RAW01 RAW02 and RAW03 only,RECONSTRUCTED_FROM_USER_CONTRACT_AND_STAGE13_LINKAGE_DRAFT_NOT_PRESENT
XLYR06_SOLUTION_LEVEL_FORMAL_COMPOSITE,true,Solution-level LC formal coverage and accuracy composite,12_CROSS_LAYER_SYNTHESIS,COVERAGE-AWARE,LC01 GINAV,lc,comparison,13_HORIZONTAL_CROSS_LAYER_SYNTHESIS/03_SOLUTION_LEVEL_LC/SOLUTION_LEVEL_LC_C00_FORMAL_SUMMARY.csv,method_id;row_coverage_fraction;temporal_span_coverage_fraction;horizontal_rmse_m;position_3d_rmse_m;yaw_rmse_deg,bar,method_id,row_coverage_fraction;temporal_span_coverage_fraction;horizontal_rmse_m;position_3d_rmse_m;yaw_rmse_deg,method_id,dense,2,false,GINav low coverage and severe error are shown together,RECONSTRUCTED_FROM_USER_CONTRACT_AND_STAGE13_LINKAGE_DRAFT_NOT_PRESENT
XLYR07_FULL_CROSS_LAYER_LANDSCAPE,true,Full cross-layer information and metric landscape,12_CROSS_LAYER_SYNTHESIS,MECHANISM ONLY,ALL,cross,comparison,13_HORIZONTAL_CROSS_LAYER_SYNTHESIS/06_CROSS_LAYER_COMPARABILITY/OUTPUT_AND_METRIC_COMPATIBILITY.csv,method_id;comparison_layer;absolute_position_metrics;absolute_roll_pitch_yaw_metrics;native_baseline_heading_descriptive;native_availability_state_metrics;gauge_equivalence;numerical_observability;topology_conditioned_NIS;canonical541_robustness,matrix,method_id,absolute_position_metrics,comparison_layer,dense,2,false,Raw carrier heading solution-level navigation proprioceptive gauge and internal navigation are different layers,RECONSTRUCTED_FROM_USER_CONTRACT_AND_STAGE13_LINKAGE_DRAFT_NOT_PRESENT
