dataset,case_id,family,go2_mode,resume_action,completed_evaluable,go2_readiness_lsim_metadata_enabled,source_aware_go2_readiness_lsim_enabled,go2_readiness_first_class_lsim,go2_readiness_lsim_provider_status,go2_readiness_lsim_metadata_count,go2_readiness_lsim_matched_metadata_count,go2_readiness_trace_solver_input,go2_readiness_go2_position_truth_claim,go2_readiness_go2_yaw_truth_claim
BY3,BY3_B_ratio_downsample_001,downsample,G03_GO2_READINESS_ONLY,SKIP_ALREADY_COMPLETED,True,True,True,True,available,63222,286,False,False,False
BY3,BY3_B_ratio_downsample_001,downsample,G05_GO2_FULL_AUX,SKIP_ALREADY_COMPLETED,True,True,True,True,available,63222,572,False,False,False
BY3,BY3_B_ratio_downsample_002,downsample,G03_GO2_READINESS_ONLY,SKIP_ALREADY_COMPLETED,True,True,True,True,available,63222,148,False,False,False
BY3,BY3_B_ratio_downsample_002,downsample,G05_GO2_FULL_AUX,SKIP_ALREADY_COMPLETED,True,True,True,True,available,63222,273,False,False,False
BY3,BY3_B_ratio_downsample_003,downsample,G03_GO2_READINESS_ONLY,SKIP_ALREADY_COMPLETED,True,True,True,True,available,63222,56,False,False,False
BY3,BY3_B_ratio_downsample_003,downsample,G05_GO2_FULL_AUX,SKIP_ALREADY_COMPLETED,True,True,True,True,available,63222,112,False,False,False
BY3,BY3_M_mixed_001,mixed,G03_GO2_READINESS_ONLY,SKIP_ALREADY_COMPLETED,True,True,True,True,available,63222,598,False,False,False
BY3,BY3_M_mixed_001,mixed,G05_GO2_FULL_AUX,SKIP_ALREADY_COMPLETED,True,True,True,True,available,63222,1122,False,False,False
BY3,BY3_M_mixed_002,mixed,G03_GO2_READINESS_ONLY,SKIP_ALREADY_COMPLETED,True,True,True,True,available,63222,562,False,False,False
BY3,BY3_M_mixed_002,mixed,G05_GO2_FULL_AUX,SKIP_ALREADY_COMPLETED,True,True,True,True,available,63222,1239,False,False,False
BY3,BY3_M_mixed_003,mixed,G03_GO2_READINESS_ONLY,SKIP_ALREADY_COMPLETED,True,True,True,True,available,63222,580,False,False,False
BY3,BY3_M_mixed_003,mixed,G05_GO2_FULL_AUX,SKIP_ALREADY_COMPLETED,True,True,True,True,available,63222,1118,False,False,False
BY3,BY3_M_mixed_004,mixed,G03_GO2_READINESS_ONLY,SKIP_ALREADY_COMPLETED,True,True,True,True,available,63222,286,False,False,False
BY3,BY3_M_mixed_004,mixed,G05_GO2_FULL_AUX,SKIP_ALREADY_COMPLETED,True,True,True,True,available,63222,572,False,False,False
BY3,BY3_M_mixed_005,mixed,G03_GO2_READINESS_ONLY,SKIP_ALREADY_COMPLETED,True,True,True,True,available,63222,286,False,False,False
BY3,BY3_M_mixed_005,mixed,G05_GO2_FULL_AUX,SKIP_ALREADY_COMPLETED,True,True,True,True,available,63222,572,False,False,False
BY3,BY3_M_mixed_006,mixed,G03_GO2_READINESS_ONLY,SKIP_ALREADY_COMPLETED,True,True,True,True,available,63222,286,False,False,False
BY3,BY3_M_mixed_006,mixed,G05_GO2_FULL_AUX,SKIP_ALREADY_COMPLETED,True,True,True,True,available,63222,648,False,False,False
BY3,BY3_M_mixed_007,mixed,G03_GO2_READINESS_ONLY,SKIP_ALREADY_COMPLETED,True,True,True,True,available,63222,720,False,False,False
BY3,BY3_M_mixed_007,mixed,G05_GO2_FULL_AUX,SKIP_ALREADY_COMPLETED,True,True,True,True,available,63222,1188,False,False,False
BY3,BY3_M_mixed_008,mixed,G03_GO2_READINESS_ONLY,SKIP_ALREADY_COMPLETED,True,True,True,True,available,63222,570,False,False,False
BY3,BY3_M_mixed_008,mixed,G05_GO2_FULL_AUX,SKIP_ALREADY_COMPLETED,True,True,True,True,available,63222,1138,False,False,False
BY3,BY3_M_mixed_009,mixed,G03_GO2_READINESS_ONLY,SKIP_ALREADY_COMPLETED,True,True,True,True,available,63222,570,False,False,False
BY3,BY3_M_mixed_009,mixed,G05_GO2_FULL_AUX,SKIP_ALREADY_COMPLETED,True,True,True,True,available,63222,1138,False,False,False
BY3,BY3_M_mixed_010,mixed,G03_GO2_READINESS_ONLY,SKIP_ALREADY_COMPLETED,True,True,True,True,available,63222,555,False,False,False
BY3,BY3_M_mixed_010,mixed,G05_GO2_FULL_AUX,SKIP_ALREADY_COMPLETED,True,True,True,True,available,63222,1098,False,False,False
BY3,BY3_M_mixed_011,mixed,G03_GO2_READINESS_ONLY,SKIP_ALREADY_COMPLETED,True,True,True,True,available,63222,550,False,False,False
BY3,BY3_M_mixed_011,mixed,G05_GO2_FULL_AUX,SKIP_ALREADY_COMPLETED,True,True,True,True,available,63222,1098,False,False,False
BY3,BY3_M_mixed_012,mixed,G03_GO2_READINESS_ONLY,SKIP_ALREADY_COMPLETED,True,True,True,True,available,63222,550,False,False,False
BY3,BY3_M_mixed_012,mixed,G05_GO2_FULL_AUX,SKIP_ALREADY_COMPLETED,True,True,True,True,available,63222,1220,False,False,False
BY3,BY3_M_mixed_013,mixed,G03_GO2_READINESS_ONLY,SKIP_ALREADY_COMPLETED,True,True,True,True,available,63222,114,False,False,False
BY3,BY3_M_mixed_013,mixed,G05_GO2_FULL_AUX,SKIP_ALREADY_COMPLETED,True,True,True,True,available,63222,233,False,False,False
BY3,BY3_M_mixed_014,mixed,G03_GO2_READINESS_ONLY,SKIP_ALREADY_COMPLETED,True,True,True,True,available,63222,114,False,False,False
BY3,BY3_M_mixed_014,mixed,G05_GO2_FULL_AUX,SKIP_ALREADY_COMPLETED,True,True,True,True,available,63222,233,False,False,False
BY3,BY3_M_mixed_015,mixed,G03_GO2_READINESS_ONLY,SKIP_ALREADY_COMPLETED,True,True,True,True,available,63222,114,False,False,False
BY3,BY3_M_mixed_015,mixed,G05_GO2_FULL_AUX,SKIP_ALREADY_COMPLETED,True,True,True,True,available,63222,233,False,False,False
BY3,BY3_M_mixed_016,mixed,G03_GO2_READINESS_ONLY,SKIP_ALREADY_COMPLETED,True,True,True,True,available,63222,52,False,False,False
BY3,BY3_M_mixed_016,mixed,G05_GO2_FULL_AUX,SKIP_ALREADY_COMPLETED,True,True,True,True,available,63222,104,False,False,False
BY3,BY3_normal_000,normal,G03_GO2_READINESS_ONLY,SKIP_ALREADY_COMPLETED,True,True,True,True,available,63222,570,False,False,False
BY3,BY3_normal_000,normal,G05_GO2_FULL_AUX,SKIP_ALREADY_COMPLETED,True,True,True,True,available,63222,1138,False,False,False
BY3,BY3_A_outage_001,outage,G03_GO2_READINESS_ONLY,SKIP_ALREADY_COMPLETED,True,True,True,True,available,63222,564,False,False,False
BY3,BY3_A_outage_001,outage,G05_GO2_FULL_AUX,SKIP_ALREADY_COMPLETED,True,True,True,True,available,63222,1126,False,False,False
BY3,BY3_A_outage_002,outage,G03_GO2_READINESS_ONLY,SKIP_ALREADY_COMPLETED,True,True,True,True,available,63222,560,False,False,False
BY3,BY3_A_outage_002,outage,G05_GO2_FULL_AUX,SKIP_ALREADY_COMPLETED,True,True,True,True,available,63222,1118,False,False,False
BY3,BY3_A_outage_003,outage,G03_GO2_READINESS_ONLY,SKIP_ALREADY_COMPLETED,True,True,True,True,available,63222,550,False,False,False
BY3,BY3_A_outage_003,outage,G05_GO2_FULL_AUX,SKIP_ALREADY_COMPLETED,True,True,True,True,available,63222,1098,False,False,False
BY3,BY3_A_outage_004,outage,G03_GO2_READINESS_ONLY,SKIP_ALREADY_COMPLETED,True,True,True,True,available,63222,530,False,False,False
BY3,BY3_A_outage_004,outage,G05_GO2_FULL_AUX,SKIP_ALREADY_COMPLETED,True,True,True,True,available,63222,1058,False,False,False
BY3,BY3_C_position_noise_001,position_noise,G03_GO2_READINESS_ONLY,SKIP_ALREADY_COMPLETED,True,True,True,True,available,63222,570,False,False,False
BY3,BY3_C_position_noise_001,position_noise,G05_GO2_FULL_AUX,SKIP_ALREADY_COMPLETED,True,True,True,True,available,63222,1415,False,False,False
BY3,BY3_C_position_noise_002,position_noise,G03_GO2_READINESS_ONLY,SKIP_ALREADY_COMPLETED,True,True,True,True,available,63222,838,False,False,False
BY3,BY3_C_position_noise_002,position_noise,G05_GO2_FULL_AUX,SKIP_ALREADY_COMPLETED,True,True,True,True,available,63222,1188,False,False,False
BY3,BY3_C_position_noise_003,position_noise,G03_GO2_READINESS_ONLY,SKIP_ALREADY_COMPLETED,True,True,True,True,available,63222,602,False,False,False
BY3,BY3_C_position_noise_003,position_noise,G05_GO2_FULL_AUX,SKIP_ALREADY_COMPLETED,True,True,True,True,available,63222,1138,False,False,False
BY3,BY3_C_position_noise_004,position_noise,G03_GO2_READINESS_ONLY,SKIP_ALREADY_COMPLETED,True,True,True,True,available,63222,572,False,False,False
BY3,BY3_C_position_noise_004,position_noise,G05_GO2_FULL_AUX,SKIP_ALREADY_COMPLETED,True,True,True,True,available,63222,1138,False,False,False
BY3,BY3_C_position_noise_005,position_noise,G03_GO2_READINESS_ONLY,SKIP_ALREADY_COMPLETED,True,True,True,True,available,63222,570,False,False,False
BY3,BY3_C_position_noise_005,position_noise,G05_GO2_FULL_AUX,SKIP_ALREADY_COMPLETED,True,True,True,True,available,63222,1415,False,False,False
BY3,BY3_C_position_noise_006,position_noise,G03_GO2_READINESS_ONLY,SKIP_ALREADY_COMPLETED,True,True,True,True,available,63222,847,False,False,False
BY3,BY3_C_position_noise_006,position_noise,G05_GO2_FULL_AUX,SKIP_ALREADY_COMPLETED,True,True,True,True,available,63222,1138,False,False,False
BY3,BY3_C_position_noise_007,position_noise,G03_GO2_READINESS_ONLY,SKIP_ALREADY_COMPLETED,True,True,True,True,available,63222,850,False,False,False
BY3,BY3_C_position_noise_007,position_noise,G05_GO2_FULL_AUX,SKIP_ALREADY_COMPLETED,True,True,True,True,available,63222,1358,False,False,False
BY3,BY3_C_position_noise_008,position_noise,G03_GO2_READINESS_ONLY,SKIP_ALREADY_COMPLETED,True,True,True,True,available,63222,570,False,False,False
BY3,BY3_C_position_noise_008,position_noise,G05_GO2_FULL_AUX,SKIP_ALREADY_COMPLETED,True,True,True,True,available,63222,1138,False,False,False
BY3,BY3_C_position_noise_009,position_noise,G03_GO2_READINESS_ONLY,SKIP_ALREADY_COMPLETED,True,True,True,True,available,63222,850,False,False,False
BY3,BY3_C_position_noise_009,position_noise,G05_GO2_FULL_AUX,SKIP_ALREADY_COMPLETED,True,True,True,True,available,63222,1140,False,False,False
BY3,BY3_C_position_noise_010,position_noise,G03_GO2_READINESS_ONLY,SKIP_ALREADY_COMPLETED,True,True,True,True,available,63222,577,False,False,False
BY3,BY3_C_position_noise_010,position_noise,G05_GO2_FULL_AUX,SKIP_ALREADY_COMPLETED,True,True,True,True,available,63222,1403,False,False,False
BY3,BY3_C_position_noise_011,position_noise,G03_GO2_READINESS_ONLY,SKIP_ALREADY_COMPLETED,True,True,True,True,available,63222,850,False,False,False
BY3,BY3_C_position_noise_011,position_noise,G05_GO2_FULL_AUX,SKIP_ALREADY_COMPLETED,True,True,True,True,available,63222,1225,False,False,False
BY3,BY3_C_position_noise_012,position_noise,G03_GO2_READINESS_ONLY,SKIP_ALREADY_COMPLETED,True,True,True,True,available,63222,570,False,False,False
BY3,BY3_C_position_noise_012,position_noise,G05_GO2_FULL_AUX,SKIP_ALREADY_COMPLETED,True,True,True,True,available,63222,1138,False,False,False
BY3,BY3_C_position_noise_013,position_noise,G03_GO2_READINESS_ONLY,SKIP_ALREADY_COMPLETED,True,True,True,True,available,63222,722,False,False,False
BY3,BY3_C_position_noise_013,position_noise,G05_GO2_FULL_AUX,SKIP_ALREADY_COMPLETED,True,True,True,True,available,63222,1369,False,False,False
BY3,BY3_C_position_noise_014,position_noise,G03_GO2_READINESS_ONLY,SKIP_ALREADY_COMPLETED,True,True,True,True,available,63222,570,False,False,False
BY3,BY3_C_position_noise_014,position_noise,G05_GO2_FULL_AUX,SKIP_ALREADY_COMPLETED,True,True,True,True,available,63222,1138,False,False,False
BY3,BY3_C_position_noise_015,position_noise,G03_GO2_READINESS_ONLY,SKIP_ALREADY_COMPLETED,True,True,True,True,available,63222,572,False,False,False
BY3,BY3_C_position_noise_015,position_noise,G05_GO2_FULL_AUX,SKIP_ALREADY_COMPLETED,True,True,True,True,available,63222,1138,False,False,False
BY3,BY3_C_position_noise_016,position_noise,G03_GO2_READINESS_ONLY,SKIP_ALREADY_COMPLETED,True,True,True,True,available,63222,570,False,False,False
BY3,BY3_C_position_noise_016,position_noise,G05_GO2_FULL_AUX,SKIP_ALREADY_COMPLETED,True,True,True,True,available,63222,1141,False,False,False
BY3,BY3_C_position_noise_017,position_noise,G03_GO2_READINESS_ONLY,SKIP_ALREADY_COMPLETED,True,True,True,True,available,63222,637,False,False,False
BY3,BY3_C_position_noise_017,position_noise,G05_GO2_FULL_AUX,SKIP_ALREADY_COMPLETED,True,True,True,True,available,63222,1138,False,False,False
BY3,BY3_C_position_noise_018,position_noise,G03_GO2_READINESS_ONLY,SKIP_ALREADY_COMPLETED,True,True,True,True,available,63222,570,False,False,False
BY3,BY3_C_position_noise_018,position_noise,G05_GO2_FULL_AUX,SKIP_ALREADY_COMPLETED,True,True,True,True,available,63222,1138,False,False,False
BY3,BY3_C_position_noise_019,position_noise,G03_GO2_READINESS_ONLY,SKIP_ALREADY_COMPLETED,True,True,True,True,available,63222,582,False,False,False
BY3,BY3_C_position_noise_019,position_noise,G05_GO2_FULL_AUX,SKIP_ALREADY_COMPLETED,True,True,True,True,available,63222,1138,False,False,False
BY3,BY3_C_position_noise_020,position_noise,G03_GO2_READINESS_ONLY,SKIP_ALREADY_COMPLETED,True,True,True,True,available,63222,706,False,False,False
BY3,BY3_C_position_noise_020,position_noise,G05_GO2_FULL_AUX,SKIP_ALREADY_COMPLETED,True,True,True,True,available,63222,1412,False,False,False
BY3,BY3_C_position_noise_021,position_noise,G03_GO2_READINESS_ONLY,SKIP_ALREADY_COMPLETED,True,True,True,True,available,63222,571,False,False,False
BY3,BY3_C_position_noise_021,position_noise,G05_GO2_FULL_AUX,SKIP_ALREADY_COMPLETED,True,True,True,True,available,63222,1138,False,False,False
BY3,BY3_C_position_noise_022,position_noise,G03_GO2_READINESS_ONLY,SKIP_ALREADY_COMPLETED,True,True,True,True,available,63222,570,False,False,False
BY3,BY3_C_position_noise_022,position_noise,G05_GO2_FULL_AUX,SKIP_ALREADY_COMPLETED,True,True,True,True,available,63222,1149,False,False,False
BY3,BY3_C_position_noise_023,position_noise,G03_GO2_READINESS_ONLY,SKIP_ALREADY_COMPLETED,True,True,True,True,available,63222,570,False,False,False
BY3,BY3_C_position_noise_023,position_noise,G05_GO2_FULL_AUX,SKIP_ALREADY_COMPLETED,True,True,True,True,available,63222,1138,False,False,False
BY3,BY3_C_position_noise_024,position_noise,G03_GO2_READINESS_ONLY,SKIP_ALREADY_COMPLETED,True,True,True,True,available,63222,599,False,False,False
BY3,BY3_C_position_noise_024,position_noise,G05_GO2_FULL_AUX,SKIP_ALREADY_COMPLETED,True,True,True,True,available,63222,1138,False,False,False
BY3,BY3_C_position_noise_025,position_noise,G03_GO2_READINESS_ONLY,SKIP_ALREADY_COMPLETED,True,True,True,True,available,63222,609,False,False,False
BY3,BY3_C_position_noise_025,position_noise,G05_GO2_FULL_AUX,SKIP_ALREADY_COMPLETED,True,True,True,True,available,63222,1138,False,False,False
BY3,BY3_C_position_noise_026,position_noise,G03_GO2_READINESS_ONLY,SKIP_ALREADY_COMPLETED,True,True,True,True,available,63222,580,False,False,False
BY3,BY3_C_position_noise_026,position_noise,G05_GO2_FULL_AUX,SKIP_ALREADY_COMPLETED,True,True,True,True,available,63222,1138,False,False,False
BY3,BY3_C_position_noise_027,position_noise,G03_GO2_READINESS_ONLY,SKIP_ALREADY_COMPLETED,True,True,True,True,available,63222,597,False,False,False
BY3,BY3_C_position_noise_027,position_noise,G05_GO2_FULL_AUX,SKIP_ALREADY_COMPLETED,True,True,True,True,available,63222,1170,False,False,False
BY3,BY3_C_position_noise_028,position_noise,G03_GO2_READINESS_ONLY,SKIP_ALREADY_COMPLETED,True,True,True,True,available,63222,570,False,False,False
BY3,BY3_C_position_noise_028,position_noise,G05_GO2_FULL_AUX,SKIP_ALREADY_COMPLETED,True,True,True,True,available,63222,1138,False,False,False
BY3,BY3_C_position_noise_029,position_noise,G03_GO2_READINESS_ONLY,SKIP_ALREADY_COMPLETED,True,True,True,True,available,63222,678,False,False,False
BY3,BY3_C_position_noise_029,position_noise,G05_GO2_FULL_AUX,SKIP_ALREADY_COMPLETED,True,True,True,True,available,63222,1178,False,False,False
BY3,BY3_C_position_noise_030,position_noise,G03_GO2_READINESS_ONLY,SKIP_ALREADY_COMPLETED,True,True,True,True,available,63222,570,False,False,False
BY3,BY3_C_position_noise_030,position_noise,G05_GO2_FULL_AUX,SKIP_ALREADY_COMPLETED,True,True,True,True,available,63222,1144,False,False,False
BY3,BY3_D_position_spike_001,position_spike,G03_GO2_READINESS_ONLY,SKIP_ALREADY_COMPLETED,True,True,True,True,available,63222,570,False,False,False
BY3,BY3_D_position_spike_001,position_spike,G05_GO2_FULL_AUX,SKIP_ALREADY_COMPLETED,True,True,True,True,available,63222,1138,False,False,False
BY3,BY3_D_position_spike_002,position_spike,G03_GO2_READINESS_ONLY,SKIP_ALREADY_COMPLETED,True,True,True,True,available,63222,589,False,False,False
BY3,BY3_D_position_spike_002,position_spike,G05_GO2_FULL_AUX,SKIP_ALREADY_COMPLETED,True,True,True,True,available,63222,1159,False,False,False
BY3,BY3_D_position_spike_003,position_spike,G03_GO2_READINESS_ONLY,SKIP_ALREADY_COMPLETED,True,True,True,True,available,63222,711,False,False,False
BY3,BY3_D_position_spike_003,position_spike,G05_GO2_FULL_AUX,SKIP_ALREADY_COMPLETED,True,True,True,True,available,63222,1156,False,False,False
BY3,BY3_D_position_spike_004,position_spike,G03_GO2_READINESS_ONLY,SKIP_ALREADY_COMPLETED,True,True,True,True,available,63222,570,False,False,False
BY3,BY3_D_position_spike_004,position_spike,G05_GO2_FULL_AUX,SKIP_ALREADY_COMPLETED,True,True,True,True,available,63222,1138,False,False,False
BY3,BY3_D_position_spike_005,position_spike,G03_GO2_READINESS_ONLY,SKIP_ALREADY_COMPLETED,True,True,True,True,available,63222,570,False,False,False
BY3,BY3_D_position_spike_005,position_spike,G05_GO2_FULL_AUX,SKIP_ALREADY_COMPLETED,True,True,True,True,available,63222,1138,False,False,False
BY3,BY3_D_position_spike_006,position_spike,G03_GO2_READINESS_ONLY,SKIP_ALREADY_COMPLETED,True,True,True,True,available,63222,570,False,False,False
BY3,BY3_D_position_spike_006,position_spike,G05_GO2_FULL_AUX,SKIP_ALREADY_COMPLETED,True,True,True,True,available,63222,1143,False,False,False
BY3,BY3_D_position_spike_007,position_spike,G03_GO2_READINESS_ONLY,SKIP_ALREADY_COMPLETED,True,True,True,True,available,63222,570,False,False,False
BY3,BY3_D_position_spike_007,position_spike,G05_GO2_FULL_AUX,SKIP_ALREADY_COMPLETED,True,True,True,True,available,63222,1138,False,False,False
BY3,BY3_D_position_spike_008,position_spike,G03_GO2_READINESS_ONLY,SKIP_ALREADY_COMPLETED,True,True,True,True,available,63222,570,False,False,False
BY3,BY3_D_position_spike_008,position_spike,G05_GO2_FULL_AUX,SKIP_ALREADY_COMPLETED,True,True,True,True,available,63222,1138,False,False,False
BY3,BY3_D_position_spike_009,position_spike,G03_GO2_READINESS_ONLY,SKIP_ALREADY_COMPLETED,True,True,True,True,available,63222,570,False,False,False
BY3,BY3_D_position_spike_009,position_spike,G05_GO2_FULL_AUX,SKIP_ALREADY_COMPLETED,True,True,True,True,available,63222,1138,False,False,False
BY3,BY3_D_position_spike_010,position_spike,G03_GO2_READINESS_ONLY,SKIP_ALREADY_COMPLETED,True,True,True,True,available,63222,591,False,False,False
BY3,BY3_D_position_spike_010,position_spike,G05_GO2_FULL_AUX,SKIP_ALREADY_COMPLETED,True,True,True,True,available,63222,1156,False,False,False
BY3,BY3_D_position_spike_011,position_spike,G03_GO2_READINESS_ONLY,SKIP_ALREADY_COMPLETED,True,True,True,True,available,63222,570,False,False,False
BY3,BY3_D_position_spike_011,position_spike,G05_GO2_FULL_AUX,SKIP_ALREADY_COMPLETED,True,True,True,True,available,63222,1138,False,False,False
BY3,BY3_D_position_spike_012,position_spike,G03_GO2_READINESS_ONLY,SKIP_ALREADY_COMPLETED,True,True,True,True,available,63222,803,False,False,False
BY3,BY3_D_position_spike_012,position_spike,G05_GO2_FULL_AUX,SKIP_ALREADY_COMPLETED,True,True,True,True,available,63222,1391,False,False,False
BY3,BY3_D_position_spike_013,position_spike,G03_GO2_READINESS_ONLY,SKIP_ALREADY_COMPLETED,True,True,True,True,available,63222,570,False,False,False
BY3,BY3_D_position_spike_013,position_spike,G05_GO2_FULL_AUX,SKIP_ALREADY_COMPLETED,True,True,True,True,available,63222,1262,False,False,False
BY3,BY3_D_position_spike_014,position_spike,G03_GO2_READINESS_ONLY,SKIP_ALREADY_COMPLETED,True,True,True,True,available,63222,570,False,False,False
BY3,BY3_D_position_spike_014,position_spike,G05_GO2_FULL_AUX,SKIP_ALREADY_COMPLETED,True,True,True,True,available,63222,1138,False,False,False
BY3,BY3_D_position_spike_015,position_spike,G03_GO2_READINESS_ONLY,SKIP_ALREADY_COMPLETED,True,True,True,True,available,63222,570,False,False,False
BY3,BY3_D_position_spike_015,position_spike,G05_GO2_FULL_AUX,SKIP_ALREADY_COMPLETED,True,True,True,True,available,63222,1138,False,False,False
BY3,BY3_D_position_spike_016,position_spike,G03_GO2_READINESS_ONLY,SKIP_ALREADY_COMPLETED,True,True,True,True,available,63222,621,False,False,False
BY3,BY3_D_position_spike_016,position_spike,G05_GO2_FULL_AUX,SKIP_ALREADY_COMPLETED,True,True,True,True,available,63222,1138,False,False,False
BY3,BY3_D_position_spike_017,position_spike,G03_GO2_READINESS_ONLY,SKIP_ALREADY_COMPLETED,True,True,True,True,available,63222,581,False,False,False
BY3,BY3_D_position_spike_017,position_spike,G05_GO2_FULL_AUX,SKIP_ALREADY_COMPLETED,True,True,True,True,available,63222,1138,False,False,False
BY3,BY3_D_position_spike_018,position_spike,G03_GO2_READINESS_ONLY,SKIP_ALREADY_COMPLETED,True,True,True,True,available,63222,757,False,False,False
BY3,BY3_D_position_spike_018,position_spike,G05_GO2_FULL_AUX,SKIP_ALREADY_COMPLETED,True,True,True,True,available,63222,1139,False,False,False
BY3,BY3_D_position_spike_019,position_spike,G03_GO2_READINESS_ONLY,SKIP_ALREADY_COMPLETED,True,True,True,True,available,63222,570,False,False,False
BY3,BY3_D_position_spike_019,position_spike,G05_GO2_FULL_AUX,SKIP_ALREADY_COMPLETED,True,True,True,True,available,63222,1138,False,False,False
BY3,BY3_D_position_spike_020,position_spike,G03_GO2_READINESS_ONLY,SKIP_ALREADY_COMPLETED,True,True,True,True,available,63222,571,False,False,False
BY3,BY3_D_position_spike_020,position_spike,G05_GO2_FULL_AUX,SKIP_ALREADY_COMPLETED,True,True,True,True,available,63222,1142,False,False,False
BY3,BY3_D_position_spike_021,position_spike,G03_GO2_READINESS_ONLY,SKIP_ALREADY_COMPLETED,True,True,True,True,available,63222,571,False,False,False
BY3,BY3_D_position_spike_021,position_spike,G05_GO2_FULL_AUX,SKIP_ALREADY_COMPLETED,True,True,True,True,available,63222,1138,False,False,False
BY3,BY3_D_position_spike_022,position_spike,G03_GO2_READINESS_ONLY,SKIP_ALREADY_COMPLETED,True,True,True,True,available,63222,571,False,False,False
BY3,BY3_D_position_spike_022,position_spike,G05_GO2_FULL_AUX,SKIP_ALREADY_COMPLETED,True,True,True,True,available,63222,1138,False,False,False
BY3,BY3_D_position_spike_023,position_spike,G03_GO2_READINESS_ONLY,SKIP_ALREADY_COMPLETED,True,True,True,True,available,63222,824,False,False,False
BY3,BY3_D_position_spike_023,position_spike,G05_GO2_FULL_AUX,SKIP_ALREADY_COMPLETED,True,True,True,True,available,63222,1138,False,False,False
BY3,BY3_D_position_spike_024,position_spike,G03_GO2_READINESS_ONLY,SKIP_ALREADY_COMPLETED,True,True,True,True,available,63222,570,False,False,False
BY3,BY3_D_position_spike_024,position_spike,G05_GO2_FULL_AUX,SKIP_ALREADY_COMPLETED,True,True,True,True,available,63222,1138,False,False,False
BY3,BY3_D_position_spike_025,position_spike,G03_GO2_READINESS_ONLY,SKIP_ALREADY_COMPLETED,True,True,True,True,available,63222,628,False,False,False
BY3,BY3_D_position_spike_025,position_spike,G05_GO2_FULL_AUX,SKIP_ALREADY_COMPLETED,True,True,True,True,available,63222,1138,False,False,False
BY3,BY3_D_position_spike_026,position_spike,G03_GO2_READINESS_ONLY,SKIP_ALREADY_COMPLETED,True,True,True,True,available,63222,716,False,False,False
BY3,BY3_D_position_spike_026,position_spike,G05_GO2_FULL_AUX,SKIP_ALREADY_COMPLETED,True,True,True,True,available,63222,1139,False,False,False
BY3,BY3_D_position_spike_027,position_spike,G03_GO2_READINESS_ONLY,SKIP_ALREADY_COMPLETED,True,True,True,True,available,63222,570,False,False,False
BY3,BY3_D_position_spike_027,position_spike,G05_GO2_FULL_AUX,SKIP_ALREADY_COMPLETED,True,True,True,True,available,63222,1138,False,False,False
BY3,BY3_D_position_spike_028,position_spike,G03_GO2_READINESS_ONLY,SKIP_ALREADY_COMPLETED,True,True,True,True,available,63222,575,False,False,False
BY3,BY3_D_position_spike_028,position_spike,G05_GO2_FULL_AUX,SKIP_ALREADY_COMPLETED,True,True,True,True,available,63222,1139,False,False,False
BY3,BY3_D_position_spike_029,position_spike,G03_GO2_READINESS_ONLY,SKIP_ALREADY_COMPLETED,True,True,True,True,available,63222,570,False,False,False
BY3,BY3_D_position_spike_029,position_spike,G05_GO2_FULL_AUX,SKIP_ALREADY_COMPLETED,True,True,True,True,available,63222,1138,False,False,False
BY3,BY3_D_position_spike_030,position_spike,G03_GO2_READINESS_ONLY,SKIP_ALREADY_COMPLETED,True,True,True,True,available,63222,572,False,False,False
BY3,BY3_D_position_spike_030,position_spike,G05_GO2_FULL_AUX,SKIP_ALREADY_COMPLETED,True,True,True,True,available,63222,1140,False,False,False
BY3,BY3_E_position_std_inflation_001,position_std,G03_GO2_READINESS_ONLY,SKIP_ALREADY_COMPLETED,True,True,True,True,available,63222,591,False,False,False
BY3,BY3_E_position_std_inflation_001,position_std,G05_GO2_FULL_AUX,SKIP_ALREADY_COMPLETED,True,True,True,True,available,63222,1161,False,False,False
BY3,BY3_E_position_std_inflation_002,position_std,G03_GO2_READINESS_ONLY,SKIP_ALREADY_COMPLETED,True,True,True,True,available,63222,601,False,False,False
BY3,BY3_E_position_std_inflation_002,position_std,G05_GO2_FULL_AUX,SKIP_ALREADY_COMPLETED,True,True,True,True,available,63222,1138,False,False,False
BY3,BY3_E_position_std_inflation_003,position_std,G03_GO2_READINESS_ONLY,SKIP_ALREADY_COMPLETED,True,True,True,True,available,63222,570,False,False,False
BY3,BY3_E_position_std_inflation_003,position_std,G05_GO2_FULL_AUX,SKIP_ALREADY_COMPLETED,True,True,True,True,available,63222,1138,False,False,False
BY3,BY3_H_dual_yaw_noise_001,yaw_noise,G03_GO2_READINESS_ONLY,SKIP_ALREADY_COMPLETED,True,True,True,True,available,63222,571,False,False,False
BY3,BY3_H_dual_yaw_noise_001,yaw_noise,G05_GO2_FULL_AUX,SKIP_ALREADY_COMPLETED,True,True,True,True,available,63222,1138,False,False,False
BY3,BY3_H_dual_yaw_noise_002,yaw_noise,G03_GO2_READINESS_ONLY,SKIP_ALREADY_COMPLETED,True,True,True,True,available,63222,570,False,False,False
BY3,BY3_H_dual_yaw_noise_002,yaw_noise,G05_GO2_FULL_AUX,SKIP_ALREADY_COMPLETED,True,True,True,True,available,63222,1138,False,False,False
BY3,BY3_H_dual_yaw_noise_003,yaw_noise,G03_GO2_READINESS_ONLY,SKIP_ALREADY_COMPLETED,True,True,True,True,available,63222,570,False,False,False
BY3,BY3_H_dual_yaw_noise_003,yaw_noise,G05_GO2_FULL_AUX,SKIP_ALREADY_COMPLETED,True,True,True,True,available,63222,1138,False,False,False
BY3,BY3_H_dual_yaw_noise_004,yaw_noise,G03_GO2_READINESS_ONLY,RERUN_PARTIAL_OR_CORRUPTED,False,True,True,True,available,63222,570,False,False,False
BY3,BY3_H_dual_yaw_noise_004,yaw_noise,G05_GO2_FULL_AUX,RERUN_PARTIAL_OR_CORRUPTED,False,,,,,,,,,
BY3,BY3_H_dual_yaw_noise_005,yaw_noise,G03_GO2_READINESS_ONLY,RERUN_PARTIAL_OR_CORRUPTED,False,,,,,,,,,
BY3,BY3_H_dual_yaw_noise_005,yaw_noise,G05_GO2_FULL_AUX,RERUN_MISSING_ONLY,False,,,,,,,,,
BY3,BY3_H_dual_yaw_noise_006,yaw_noise,G03_GO2_READINESS_ONLY,RERUN_MISSING_ONLY,False,,,,,,,,,
BY3,BY3_H_dual_yaw_noise_006,yaw_noise,G05_GO2_FULL_AUX,RERUN_MISSING_ONLY,False,,,,,,,,,
BY3,BY3_H_dual_yaw_noise_007,yaw_noise,G03_GO2_READINESS_ONLY,RERUN_MISSING_ONLY,False,,,,,,,,,
BY3,BY3_H_dual_yaw_noise_007,yaw_noise,G05_GO2_FULL_AUX,RERUN_MISSING_ONLY,False,,,,,,,,,
BY3,BY3_H_dual_yaw_noise_008,yaw_noise,G03_GO2_READINESS_ONLY,RERUN_MISSING_ONLY,False,,,,,,,,,
BY3,BY3_H_dual_yaw_noise_008,yaw_noise,G05_GO2_FULL_AUX,RERUN_MISSING_ONLY,False,,,,,,,,,
BY3,BY3_H_dual_yaw_noise_009,yaw_noise,G03_GO2_READINESS_ONLY,RERUN_MISSING_ONLY,False,,,,,,,,,
BY3,BY3_H_dual_yaw_noise_009,yaw_noise,G05_GO2_FULL_AUX,RERUN_MISSING_ONLY,False,,,,,,,,,
BY3,BY3_H_dual_yaw_noise_010,yaw_noise,G03_GO2_READINESS_ONLY,RERUN_MISSING_ONLY,False,,,,,,,,,
BY3,BY3_H_dual_yaw_noise_010,yaw_noise,G05_GO2_FULL_AUX,RERUN_MISSING_ONLY,False,,,,,,,,,
BY3,BY3_H_dual_yaw_noise_011,yaw_noise,G03_GO2_READINESS_ONLY,RERUN_MISSING_ONLY,False,,,,,,,,,
BY3,BY3_H_dual_yaw_noise_011,yaw_noise,G05_GO2_FULL_AUX,RERUN_MISSING_ONLY,False,,,,,,,,,
BY3,BY3_H_dual_yaw_noise_012,yaw_noise,G03_GO2_READINESS_ONLY,RERUN_MISSING_ONLY,False,,,,,,,,,
BY3,BY3_H_dual_yaw_noise_012,yaw_noise,G05_GO2_FULL_AUX,RERUN_MISSING_ONLY,False,,,,,,,,,
BY3,BY3_H_dual_yaw_noise_013,yaw_noise,G03_GO2_READINESS_ONLY,RERUN_MISSING_ONLY,False,,,,,,,,,
BY3,BY3_H_dual_yaw_noise_013,yaw_noise,G05_GO2_FULL_AUX,RERUN_MISSING_ONLY,False,,,,,,,,,
BY3,BY3_H_dual_yaw_noise_014,yaw_noise,G03_GO2_READINESS_ONLY,RERUN_MISSING_ONLY,False,,,,,,,,,
BY3,BY3_H_dual_yaw_noise_014,yaw_noise,G05_GO2_FULL_AUX,RERUN_MISSING_ONLY,False,,,,,,,,,
BY3,BY3_H_dual_yaw_noise_015,yaw_noise,G03_GO2_READINESS_ONLY,RERUN_MISSING_ONLY,False,,,,,,,,,
BY3,BY3_H_dual_yaw_noise_015,yaw_noise,G05_GO2_FULL_AUX,RERUN_MISSING_ONLY,False,,,,,,,,,
BY3,BY3_H_dual_yaw_noise_016,yaw_noise,G03_GO2_READINESS_ONLY,RERUN_MISSING_ONLY,False,,,,,,,,,
BY3,BY3_H_dual_yaw_noise_016,yaw_noise,G05_GO2_FULL_AUX,RERUN_MISSING_ONLY,False,,,,,,,,,
BY3,BY3_H_dual_yaw_noise_017,yaw_noise,G03_GO2_READINESS_ONLY,RERUN_MISSING_ONLY,False,,,,,,,,,
BY3,BY3_H_dual_yaw_noise_017,yaw_noise,G05_GO2_FULL_AUX,RERUN_MISSING_ONLY,False,,,,,,,,,
BY3,BY3_H_dual_yaw_noise_018,yaw_noise,G03_GO2_READINESS_ONLY,RERUN_MISSING_ONLY,False,,,,,,,,,
BY3,BY3_H_dual_yaw_noise_018,yaw_noise,G05_GO2_FULL_AUX,RERUN_MISSING_ONLY,False,,,,,,,,,
BY3,BY3_H_dual_yaw_noise_019,yaw_noise,G03_GO2_READINESS_ONLY,RERUN_MISSING_ONLY,False,,,,,,,,,
BY3,BY3_H_dual_yaw_noise_019,yaw_noise,G05_GO2_FULL_AUX,RERUN_MISSING_ONLY,False,,,,,,,,,
BY3,BY3_H_dual_yaw_noise_020,yaw_noise,G03_GO2_READINESS_ONLY,RERUN_MISSING_ONLY,False,,,,,,,,,
BY3,BY3_H_dual_yaw_noise_020,yaw_noise,G05_GO2_FULL_AUX,RERUN_MISSING_ONLY,False,,,,,,,,,
BY3,BY3_H_dual_yaw_noise_021,yaw_noise,G03_GO2_READINESS_ONLY,RERUN_MISSING_ONLY,False,,,,,,,,,
BY3,BY3_H_dual_yaw_noise_021,yaw_noise,G05_GO2_FULL_AUX,RERUN_MISSING_ONLY,False,,,,,,,,,
BY3,BY3_H_dual_yaw_noise_022,yaw_noise,G03_GO2_READINESS_ONLY,RERUN_MISSING_ONLY,False,,,,,,,,,
BY3,BY3_H_dual_yaw_noise_022,yaw_noise,G05_GO2_FULL_AUX,RERUN_MISSING_ONLY,False,,,,,,,,,
BY3,BY3_H_dual_yaw_noise_023,yaw_noise,G03_GO2_READINESS_ONLY,RERUN_MISSING_ONLY,False,,,,,,,,,
BY3,BY3_H_dual_yaw_noise_023,yaw_noise,G05_GO2_FULL_AUX,RERUN_MISSING_ONLY,False,,,,,,,,,
BY3,BY3_H_dual_yaw_noise_024,yaw_noise,G03_GO2_READINESS_ONLY,RERUN_MISSING_ONLY,False,,,,,,,,,
BY3,BY3_H_dual_yaw_noise_024,yaw_noise,G05_GO2_FULL_AUX,RERUN_MISSING_ONLY,False,,,,,,,,,
BY3,BY3_H_dual_yaw_noise_025,yaw_noise,G03_GO2_READINESS_ONLY,RERUN_MISSING_ONLY,False,,,,,,,,,
BY3,BY3_H_dual_yaw_noise_025,yaw_noise,G05_GO2_FULL_AUX,RERUN_MISSING_ONLY,False,,,,,,,,,
BY3,BY3_H_dual_yaw_noise_026,yaw_noise,G03_GO2_READINESS_ONLY,RERUN_MISSING_ONLY,False,,,,,,,,,
BY3,BY3_H_dual_yaw_noise_026,yaw_noise,G05_GO2_FULL_AUX,RERUN_MISSING_ONLY,False,,,,,,,,,
BY3,BY3_H_dual_yaw_noise_027,yaw_noise,G03_GO2_READINESS_ONLY,RERUN_MISSING_ONLY,False,,,,,,,,,
BY3,BY3_H_dual_yaw_noise_027,yaw_noise,G05_GO2_FULL_AUX,RERUN_MISSING_ONLY,False,,,,,,,,,
BY3,BY3_H_dual_yaw_noise_028,yaw_noise,G03_GO2_READINESS_ONLY,RERUN_MISSING_ONLY,False,,,,,,,,,
BY3,BY3_H_dual_yaw_noise_028,yaw_noise,G05_GO2_FULL_AUX,RERUN_MISSING_ONLY,False,,,,,,,,,
BY3,BY3_H_dual_yaw_noise_029,yaw_noise,G03_GO2_READINESS_ONLY,RERUN_MISSING_ONLY,False,,,,,,,,,
BY3,BY3_H_dual_yaw_noise_029,yaw_noise,G05_GO2_FULL_AUX,RERUN_MISSING_ONLY,False,,,,,,,,,
BY3,BY3_H_dual_yaw_noise_030,yaw_noise,G03_GO2_READINESS_ONLY,RERUN_MISSING_ONLY,False,,,,,,,,,
BY3,BY3_H_dual_yaw_noise_030,yaw_noise,G05_GO2_FULL_AUX,RERUN_MISSING_ONLY,False,,,,,,,,,
BY3,BY3_E_yaw_std_inflation_001,yaw_std,G03_GO2_READINESS_ONLY,RERUN_MISSING_ONLY,False,,,,,,,,,
BY3,BY3_E_yaw_std_inflation_001,yaw_std,G05_GO2_FULL_AUX,RERUN_MISSING_ONLY,False,,,,,,,,,
BY3,BY3_E_yaw_std_inflation_002,yaw_std,G03_GO2_READINESS_ONLY,RERUN_MISSING_ONLY,False,,,,,,,,,
BY3,BY3_E_yaw_std_inflation_002,yaw_std,G05_GO2_FULL_AUX,RERUN_MISSING_ONLY,False,,,,,,,,,
BY3,BY3_E_yaw_std_inflation_003,yaw_std,G03_GO2_READINESS_ONLY,RERUN_MISSING_ONLY,False,,,,,,,,,
BY3,BY3_E_yaw_std_inflation_003,yaw_std,G05_GO2_FULL_AUX,RERUN_MISSING_ONLY,False,,,,,,,,,
