parameter_id,parameter,value,unit,source_type,source_identity,source_location,role,used_in_paper_experiment,eligible_for_BY2,trace_tuned,notes
P001,linear_acceleration_noise_std,0.04,m/s^2,PAPER_DIRECT,IJRR2020_ARXIV1904.09251V2,Table_1,PAPER_CASSIE_DISCRETE_NOISE,true,false,false,"Discrete standard deviation; not a continuous PSD and not a Go2 value"
P002,angular_velocity_noise_std,0.002,rad/s,PAPER_DIRECT,IJRR2020_ARXIV1904.09251V2,Table_1,PAPER_CASSIE_DISCRETE_NOISE,true,false,false,"Discrete standard deviation"
P003,accelerometer_bias_random_walk_std,0.001,m/s^3,PAPER_DIRECT,IJRR2020_ARXIV1904.09251V2,Table_1,PAPER_CASSIE_DISCRETE_NOISE,true,false,false,"IJRR table unit is bias derivative; do not silently reinterpret as m/s^2"
P004,gyroscope_bias_random_walk_std,0.001,rad/s^2,PAPER_DIRECT,IJRR2020_ARXIV1904.09251V2,Table_1,PAPER_CASSIE_DISCRETE_NOISE,true,false,false,"IJRR table unit is bias derivative"
P005,contact_linear_velocity_noise_std,0.05,m/s,PAPER_DIRECT,IJRR2020_ARXIV1904.09251V2,Table_1,PAPER_CASSIE_CONTACT_BROWNIAN_NOISE,true,false,false,"Models contact slippage as Brownian velocity noise; not an online slip detector"
P006,joint_encoder_noise_std,1.0,deg,PAPER_DIRECT,IJRR2020_ARXIV1904.09251V2,Table_1,PAPER_CASSIE_KINEMATIC_NOISE,true,false,false,"Requires J_p Sigma_alpha J_p^T; not transferable to the high-level Go2 FK-like proxy"
P007,initial_orientation_std,30.0,deg,PAPER_DIRECT,IJRR2020_ARXIV1904.09251V2,Table_1,PAPER_CASSIE_INITIAL_COVARIANCE,true,false,false,"Applied in the paper convergence comparison"
P008,initial_velocity_std,1.0,m/s,PAPER_DIRECT,IJRR2020_ARXIV1904.09251V2,Table_1,PAPER_CASSIE_INITIAL_COVARIANCE,true,false,false,"Applied per velocity component"
P009,initial_imu_position_std,0.1,m,PAPER_DIRECT,IJRR2020_ARXIV1904.09251V2,Table_1,PAPER_CASSIE_INITIAL_COVARIANCE,true,false,false,"Paper experiment setting"
P010,initial_right_foot_position_std,0.1,m,PAPER_DIRECT,IJRR2020_ARXIV1904.09251V2,Table_1,PAPER_CASSIE_INITIAL_COVARIANCE,true,false,false,"Paper experiment setting"
P011,initial_left_foot_position_std,0.1,m,PAPER_DIRECT,IJRR2020_ARXIV1904.09251V2,Table_1,PAPER_CASSIE_INITIAL_COVARIANCE,true,false,false,"Paper experiment setting"
P012,initial_gyroscope_bias_std,0.005,rad/s,PAPER_DIRECT,IJRR2020_ARXIV1904.09251V2,Table_1,PAPER_CASSIE_INITIAL_COVARIANCE,true,false,false,"Paper experiment setting"
P013,initial_accelerometer_bias_std,0.05,m/s^2,PAPER_DIRECT,IJRR2020_ARXIV1904.09251V2,Table_1,PAPER_CASSIE_INITIAL_COVARIANCE,true,false,false,"Paper experiment setting"
P014,cassie_imu_measurement_rate,800,Hz,PAPER_DIRECT,IJRR2020_ARXIV1904.09251V2,Section_9,PAPER_HARDWARE_DESCRIPTION,true,false,false,"VectorNav-100 rate; not a BY2 rate"
P015,cassie_encoder_measurement_rate,2000,Hz,PAPER_DIRECT,IJRR2020_ARXIV1904.09251V2,Section_9,PAPER_HARDWARE_DESCRIPTION,true,false,false,"Cassie encoder rate; not a BY2 rate"
P016,gravity_vector_symbol,g,world_acceleration,PAPER_DIRECT,IJRR2020_ARXIV1904.09251V2,Eqs_8_14_24_28_50,ALGORITHMIC_CONSTANT,true,true,false,"Direction defines the gravity-axis gauge; numeric magnitude and axis sign are not frozen by the paper PDF"
P017,gravity_vector_numeric,[0;0;-9.81],m/s^2,OFFICIAL_CODE,HARTLEY_CPP_EF16E8A1,src/InEKF.cpp:43-52,OFFICIAL_CPP_WORLD_UP_INSTANTIATION,false,true,false,"Paper keeps g symbolic; pinned C++ freezes negative world-z gravity; BY2 sensor/body/reporting transforms remain separate"
P018,deterministic_contact_velocity,0,m/s,PAPER_DIRECT,IJRR2020_ARXIV1904.09251V2,Section_5.2,ALGORITHMIC_ASSUMPTION,true,true,false,"Static point contact in deterministic dynamics with Brownian motion for slip"
P019,imu_zoh_model,constant_corrected_omega_and_acceleration_over_dt,NA,PAPER_DIRECT,IJRR2020_ARXIV1904.09251V2,Appendix_A,DISCRETIZATION_ASSUMPTION,true,true,false,"Required for exact Eq.50 state integration"
P020,discrete_process_noise_exact,integral_Phi_Q_PhiT,continuous_to_discrete,PAPER_DIRECT,IJRR2020_ARXIV1904.09251V2,Eq_52,FULL_IJRR_MATHEMATICAL_TARGET,false,true,false,"Selected future primary policy uses Eq.50 mean plus analytical Eq.58/60 Phi plus separately verified numerical Eq.52 integration; no exact label before verification"
P021,discrete_process_noise_reported_approx,Phi_Qbar_k_PhiT_dt,continuous_to_discrete,PAPER_DIRECT,IJRR2020_ARXIV1904.09251V2,Eq_61,PAPER_REPORTED_EQ61_REGRESSION,true,false,false,"Mandatory companion reproduces the article-reported approximation with Eq.50 mean and analytical Phi; never label Eq.61 exact"
P022,official_example_noise_defaults,"gyro=0.01;accel=0.1;gyro_bias=1e-5;accel_bias=1e-4;landmark=0.1;contact=0.1",mixed_code_native_std_inputs,OFFICIAL_CODE,HARTLEY_CPP_EF16E8A1,"src/NoiseParams.cpp:22-29;src/examples/kinematics.cpp:57-66;src/examples/landmarks.cpp:56-65",OFFICIAL_EXAMPLE_REPRODUCTION,false,false,false,"Setters square scalar standard-deviation inputs; kinematics repeats gyro/accel/bias defaults but overrides contact to 0.01; landmark example repeats gyro/accel/bias/landmark defaults"
P023,official_default_gyroscope_noise_std,0.01,code_native_std,OFFICIAL_CODE,HARTLEY_CPP_EF16E8A1,src/NoiseParams.cpp:22-23,OFFICIAL_CPP_DEFAULT,false,false,false,"Explicitly repeated by both official examples"
P024,official_default_accelerometer_noise_std,0.1,code_native_std,OFFICIAL_CODE,HARTLEY_CPP_EF16E8A1,src/NoiseParams.cpp:22-24,OFFICIAL_CPP_DEFAULT,false,false,false,"Explicitly repeated by both official examples"
P025,official_default_gyroscope_bias_noise_std,1e-5,code_native_std,OFFICIAL_CODE,HARTLEY_CPP_EF16E8A1,src/NoiseParams.cpp:22-25,OFFICIAL_CPP_DEFAULT,false,false,false,"Explicitly repeated by both official examples"
P026,official_default_accelerometer_bias_noise_std,1e-4,code_native_std,OFFICIAL_CODE,HARTLEY_CPP_EF16E8A1,src/NoiseParams.cpp:22-26,OFFICIAL_CPP_DEFAULT,false,false,false,"Explicitly repeated by both official examples"
P027,official_default_landmark_noise_std,0.1,code_native_std,OFFICIAL_CODE,HARTLEY_CPP_EF16E8A1,src/NoiseParams.cpp:22-27,OFFICIAL_CPP_DEFAULT,false,false,false,"Explicitly used by the official landmark example; not used by LSE01 contact-only identity"
P028,official_default_contact_noise_std,0.1,code_native_std,OFFICIAL_CODE,HARTLEY_CPP_EF16E8A1,src/NoiseParams.cpp:22-28,OFFICIAL_CPP_DEFAULT,false,false,false,"Constructor default is not used by the kinematics example because that example overrides it"
P029,official_kinematics_contact_noise_override_std,0.01,code_native_std,OFFICIAL_CODE,HARTLEY_CPP_EF16E8A1,src/examples/kinematics.cpp:57-66,OFFICIAL_KINEMATICS_EXAMPLE_REPRODUCTION,false,false,false,"The kinematics example passes this override to InEKF"
P030,go2_config_angle_random_walk_internal,2.8652488553573575e-4,rad/sqrt(s),BY2_PHYSICAL_INSTANTIATION,LEGSA_ACTIVE_PROJECT_CONFIG,"configs/paper_rebuild/clean1_by2_clean_protocol.yaml:131;cpp/legsa_v23_port_core/src/config/port_config_loader.cpp:564",CURRENT_PROJECT_CONFIG_PROVENANCE_UNVERIFIED,false,false,false,"Raw 0.985 deg/sqrt(h); loader multiplies D2R/60; measurement or Allan provenance is absent from active allowlisted material so this is not frozen for Hartley"
P031,go2_config_velocity_random_walk_internal,1.2833333333333334e-3,m/s/sqrt(s),BY2_PHYSICAL_INSTANTIATION,LEGSA_ACTIVE_PROJECT_CONFIG,"configs/paper_rebuild/clean1_by2_clean_protocol.yaml:132;cpp/legsa_v23_port_core/src/config/port_config_loader.cpp:565",CURRENT_PROJECT_CONFIG_PROVENANCE_UNVERIFIED,false,false,false,"Raw 0.077 m/s/sqrt(h); loader divides by 60; measurement or Allan provenance is absent from active allowlisted material so this is not frozen for Hartley"
P032,go2_config_gyro_bias_gauss_markov_state_std,4.547552328807448e-5,rad/s,BY2_PHYSICAL_INSTANTIATION,LEGSA_ACTIVE_PROJECT_CONFIG,"configs/paper_rebuild/clean1_by2_clean_protocol.yaml:133;cpp/legsa_v23_port_core/src/config/port_config_loader.cpp:566",GAUSS_MARKOV_STATE_STD_NOT_HARTLEY_BIAS_RANDOM_WALK_DENSITY,false,false,false,"Raw 9.38 deg/h; loader multiplies D2R/3600; cannot be used as Hartley w_bg density"
P033,go2_config_accel_bias_gauss_markov_state_std,7.78e-4,m/s^2,BY2_PHYSICAL_INSTANTIATION,LEGSA_ACTIVE_PROJECT_CONFIG,"configs/paper_rebuild/clean1_by2_clean_protocol.yaml:134;cpp/legsa_v23_port_core/src/config/port_config_loader.cpp:567",GAUSS_MARKOV_STATE_STD_NOT_HARTLEY_BIAS_RANDOM_WALK_DENSITY,false,false,false,"Raw 77.8 mGal; loader multiplies 1e-5; cannot be used as Hartley w_ba density"
P034,go2_config_bias_gauss_markov_correlation_time,3600,s,BY2_PHYSICAL_INSTANTIATION,LEGSA_ACTIVE_PROJECT_CONFIG,"configs/paper_rebuild/clean1_by2_clean_protocol.yaml:137;cpp/legsa_v23_port_core/src/config/port_config_loader.cpp:570",GAUSS_MARKOV_CORRELATION_PARAMETER_NOT_HARTLEY_BROWNIAN_MODEL,false,false,false,"Raw 1 h; loader multiplies by 3600; Hartley bias model is Brownian random walk rather than this first-order Gauss-Markov parameterization"
P035,go2_imu_measurement_or_allan_provenance,UNVERIFIED_NOT_PRESENT_ACTIVE_ALLOWLIST,NA,CURRENTLY_UNKNOWN,ACTIVE_ALLOWLIST,No_measurement_or_Allan_source_present,PROVENANCE_GATE_NOT_SATISFIED,false,false,false,"Do not silently propose P030-P034 for the future Hartley process model"
P036,go2_fk_proxy_translation_covariance,FROZEN_BY2_INPUT_ONLY_FK_PROXY_COVARIANCE,m^2,BY2_PHYSICAL_INSTANTIATION,BY2_HASH_LOCKED_GO2_COMPLETE_PREFIX,03_BY2_INPUT_AUDIT/FK_PROXY_COVARIANCE_SUMMARY.json,FUTURE_BY2_MEASUREMENT_NOISE,false,true,false,"Robust per-leg input-only residual covariance; median center; 0.5/99.5 percent winsorization; n-1 covariance; PSD projection; 1e-8 m2 eigenfloor dominates; not encoder/URDF precision"
P037,go2_contact_force_thresholds,"off/on FR=24.8/34.2;FL=25.2/33.8;RR=23.4/30.6;RL=24.0/32.0",input_native_units,BY2_PHYSICAL_INSTANTIATION,BY2_HASH_LOCKED_GO2_COMPLETE_PREFIX,03_BY2_INPUT_AUDIT/CONTACT_THRESHOLD_PROPOSAL.yaml,FROZEN_BY2_INPUT_ONLY_CONTACT_POLICY,false,true,false,"Deterministic force-only policy with 3-sample/0.012035608291625977 s dwell; foot speed is DIAGNOSTIC_ONLY; no trajectory trace or output tuning"
P038,numerical_rank_tolerance,"absolute=1e-12;relative_to_sigma_max=1e-9;sensitivity=[0.1,1,10]",dimensionless,PAPER_DERIVED,H0_H2_DECLARED_NOT_PAPER_DIRECT,04_METHOD_CONTRACTS/HARTLEY_NUMERICAL_OBSERVABILITY_CONTRACT.yaml,NUMERICAL_OBSERVABILITY,false,true,false,"Frozen before future numerical execution; rank claim requires stability across all sensitivity multipliers"
