row_type,quantity,native_leg_index,leg,finite_count,total_count,finite_rate,minimum,p01,p05,p25,p50,p75,p95,p99,maximum,mean,std,bin_index,bin_left,bin_right,bin_count,data_status,terminal_status,complete_record_count,timestamped_record_starts
quantiles,foot_force,0,FR,63277,63277,1.0,3.0,5.0,5.0,6.0,40.0,53.0,65.0,92.0,141.0,31.441345196516902,25.268822418607826,,,,,REAL_BY2_COMPLETE_RECORD_PREFIX,PASS_LSE01_H0_H2_HARTLEY_SOURCE_METHOD_AND_BY2_CONTRACT_READY,63277,63278
histogram,foot_force,0,FR,,,,,,,,,,,,,,,0,3.0,7.3125,28497,REAL_BY2_COMPLETE_RECORD_PREFIX,PASS_LSE01_H0_H2_HARTLEY_SOURCE_METHOD_AND_BY2_CONTRACT_READY,63277,63278
histogram,foot_force,0,FR,,,,,,,,,,,,,,,1,7.3125,11.625,640,REAL_BY2_COMPLETE_RECORD_PREFIX,PASS_LSE01_H0_H2_HARTLEY_SOURCE_METHOD_AND_BY2_CONTRACT_READY,63277,63278
histogram,foot_force,0,FR,,,,,,,,,,,,,,,2,11.625,15.9375,200,REAL_BY2_COMPLETE_RECORD_PREFIX,PASS_LSE01_H0_H2_HARTLEY_SOURCE_METHOD_AND_BY2_CONTRACT_READY,63277,63278
histogram,foot_force,0,FR,,,,,,,,,,,,,,,3,15.9375,20.25,223,REAL_BY2_COMPLETE_RECORD_PREFIX,PASS_LSE01_H0_H2_HARTLEY_SOURCE_METHOD_AND_BY2_CONTRACT_READY,63277,63278
histogram,foot_force,0,FR,,,,,,,,,,,,,,,4,20.25,24.5625,180,REAL_BY2_COMPLETE_RECORD_PREFIX,PASS_LSE01_H0_H2_HARTLEY_SOURCE_METHOD_AND_BY2_CONTRACT_READY,63277,63278
histogram,foot_force,0,FR,,,,,,,,,,,,,,,5,24.5625,28.875,238,REAL_BY2_COMPLETE_RECORD_PREFIX,PASS_LSE01_H0_H2_HARTLEY_SOURCE_METHOD_AND_BY2_CONTRACT_READY,63277,63278
histogram,foot_force,0,FR,,,,,,,,,,,,,,,6,28.875,33.1875,469,REAL_BY2_COMPLETE_RECORD_PREFIX,PASS_LSE01_H0_H2_HARTLEY_SOURCE_METHOD_AND_BY2_CONTRACT_READY,63277,63278
histogram,foot_force,0,FR,,,,,,,,,,,,,,,7,33.1875,37.5,619,REAL_BY2_COMPLETE_RECORD_PREFIX,PASS_LSE01_H0_H2_HARTLEY_SOURCE_METHOD_AND_BY2_CONTRACT_READY,63277,63278
histogram,foot_force,0,FR,,,,,,,,,,,,,,,8,37.5,41.8125,1329,REAL_BY2_COMPLETE_RECORD_PREFIX,PASS_LSE01_H0_H2_HARTLEY_SOURCE_METHOD_AND_BY2_CONTRACT_READY,63277,63278
histogram,foot_force,0,FR,,,,,,,,,,,,,,,9,41.8125,46.125,8482,REAL_BY2_COMPLETE_RECORD_PREFIX,PASS_LSE01_H0_H2_HARTLEY_SOURCE_METHOD_AND_BY2_CONTRACT_READY,63277,63278
histogram,foot_force,0,FR,,,,,,,,,,,,,,,10,46.125,50.4375,4112,REAL_BY2_COMPLETE_RECORD_PREFIX,PASS_LSE01_H0_H2_HARTLEY_SOURCE_METHOD_AND_BY2_CONTRACT_READY,63277,63278
histogram,foot_force,0,FR,,,,,,,,,,,,,,,11,50.4375,54.75,4223,REAL_BY2_COMPLETE_RECORD_PREFIX,PASS_LSE01_H0_H2_HARTLEY_SOURCE_METHOD_AND_BY2_CONTRACT_READY,63277,63278
histogram,foot_force,0,FR,,,,,,,,,,,,,,,12,54.75,59.0625,5579,REAL_BY2_COMPLETE_RECORD_PREFIX,PASS_LSE01_H0_H2_HARTLEY_SOURCE_METHOD_AND_BY2_CONTRACT_READY,63277,63278
histogram,foot_force,0,FR,,,,,,,,,,,,,,,13,59.0625,63.375,4003,REAL_BY2_COMPLETE_RECORD_PREFIX,PASS_LSE01_H0_H2_HARTLEY_SOURCE_METHOD_AND_BY2_CONTRACT_READY,63277,63278
histogram,foot_force,0,FR,,,,,,,,,,,,,,,14,63.375,67.6875,1989,REAL_BY2_COMPLETE_RECORD_PREFIX,PASS_LSE01_H0_H2_HARTLEY_SOURCE_METHOD_AND_BY2_CONTRACT_READY,63277,63278
histogram,foot_force,0,FR,,,,,,,,,,,,,,,15,67.6875,72.0,692,REAL_BY2_COMPLETE_RECORD_PREFIX,PASS_LSE01_H0_H2_HARTLEY_SOURCE_METHOD_AND_BY2_CONTRACT_READY,63277,63278
histogram,foot_force,0,FR,,,,,,,,,,,,,,,16,72.0,76.3125,388,REAL_BY2_COMPLETE_RECORD_PREFIX,PASS_LSE01_H0_H2_HARTLEY_SOURCE_METHOD_AND_BY2_CONTRACT_READY,63277,63278
histogram,foot_force,0,FR,,,,,,,,,,,,,,,17,76.3125,80.625,234,REAL_BY2_COMPLETE_RECORD_PREFIX,PASS_LSE01_H0_H2_HARTLEY_SOURCE_METHOD_AND_BY2_CONTRACT_READY,63277,63278
histogram,foot_force,0,FR,,,,,,,,,,,,,,,18,80.625,84.9375,181,REAL_BY2_COMPLETE_RECORD_PREFIX,PASS_LSE01_H0_H2_HARTLEY_SOURCE_METHOD_AND_BY2_CONTRACT_READY,63277,63278
histogram,foot_force,0,FR,,,,,,,,,,,,,,,19,84.9375,89.25,231,REAL_BY2_COMPLETE_RECORD_PREFIX,PASS_LSE01_H0_H2_HARTLEY_SOURCE_METHOD_AND_BY2_CONTRACT_READY,63277,63278
histogram,foot_force,0,FR,,,,,,,,,,,,,,,20,89.25,93.5625,193,REAL_BY2_COMPLETE_RECORD_PREFIX,PASS_LSE01_H0_H2_HARTLEY_SOURCE_METHOD_AND_BY2_CONTRACT_READY,63277,63278
histogram,foot_force,0,FR,,,,,,,,,,,,,,,21,93.5625,97.875,134,REAL_BY2_COMPLETE_RECORD_PREFIX,PASS_LSE01_H0_H2_HARTLEY_SOURCE_METHOD_AND_BY2_CONTRACT_READY,63277,63278
histogram,foot_force,0,FR,,,,,,,,,,,,,,,22,97.875,102.1875,154,REAL_BY2_COMPLETE_RECORD_PREFIX,PASS_LSE01_H0_H2_HARTLEY_SOURCE_METHOD_AND_BY2_CONTRACT_READY,63277,63278
histogram,foot_force,0,FR,,,,,,,,,,,,,,,23,102.1875,106.5,86,REAL_BY2_COMPLETE_RECORD_PREFIX,PASS_LSE01_H0_H2_HARTLEY_SOURCE_METHOD_AND_BY2_CONTRACT_READY,63277,63278
histogram,foot_force,0,FR,,,,,,,,,,,,,,,24,106.5,110.8125,67,REAL_BY2_COMPLETE_RECORD_PREFIX,PASS_LSE01_H0_H2_HARTLEY_SOURCE_METHOD_AND_BY2_CONTRACT_READY,63277,63278
histogram,foot_force,0,FR,,,,,,,,,,,,,,,25,110.8125,115.125,47,REAL_BY2_COMPLETE_RECORD_PREFIX,PASS_LSE01_H0_H2_HARTLEY_SOURCE_METHOD_AND_BY2_CONTRACT_READY,63277,63278
histogram,foot_force,0,FR,,,,,,,,,,,,,,,26,115.125,119.4375,33,REAL_BY2_COMPLETE_RECORD_PREFIX,PASS_LSE01_H0_H2_HARTLEY_SOURCE_METHOD_AND_BY2_CONTRACT_READY,63277,63278
histogram,foot_force,0,FR,,,,,,,,,,,,,,,27,119.4375,123.75,24,REAL_BY2_COMPLETE_RECORD_PREFIX,PASS_LSE01_H0_H2_HARTLEY_SOURCE_METHOD_AND_BY2_CONTRACT_READY,63277,63278
histogram,foot_force,0,FR,,,,,,,,,,,,,,,28,123.75,128.0625,14,REAL_BY2_COMPLETE_RECORD_PREFIX,PASS_LSE01_H0_H2_HARTLEY_SOURCE_METHOD_AND_BY2_CONTRACT_READY,63277,63278
histogram,foot_force,0,FR,,,,,,,,,,,,,,,29,128.0625,132.375,5,REAL_BY2_COMPLETE_RECORD_PREFIX,PASS_LSE01_H0_H2_HARTLEY_SOURCE_METHOD_AND_BY2_CONTRACT_READY,63277,63278
histogram,foot_force,0,FR,,,,,,,,,,,,,,,30,132.375,136.6875,6,REAL_BY2_COMPLETE_RECORD_PREFIX,PASS_LSE01_H0_H2_HARTLEY_SOURCE_METHOD_AND_BY2_CONTRACT_READY,63277,63278
histogram,foot_force,0,FR,,,,,,,,,,,,,,,31,136.6875,141.0,5,REAL_BY2_COMPLETE_RECORD_PREFIX,PASS_LSE01_H0_H2_HARTLEY_SOURCE_METHOD_AND_BY2_CONTRACT_READY,63277,63278
quantiles,foot_force,1,FL,63277,63277,1.0,4.0,6.0,6.0,8.0,39.0,52.0,64.0,80.0,138.0,31.753812601735227,22.879984715849982,,,,,REAL_BY2_COMPLETE_RECORD_PREFIX,PASS_LSE01_H0_H2_HARTLEY_SOURCE_METHOD_AND_BY2_CONTRACT_READY,63277,63278
histogram,foot_force,1,FL,,,,,,,,,,,,,,,0,4.0,8.1875,25352,REAL_BY2_COMPLETE_RECORD_PREFIX,PASS_LSE01_H0_H2_HARTLEY_SOURCE_METHOD_AND_BY2_CONTRACT_READY,63277,63278
histogram,foot_force,1,FL,,,,,,,,,,,,,,,1,8.1875,12.375,1979,REAL_BY2_COMPLETE_RECORD_PREFIX,PASS_LSE01_H0_H2_HARTLEY_SOURCE_METHOD_AND_BY2_CONTRACT_READY,63277,63278
histogram,foot_force,1,FL,,,,,,,,,,,,,,,2,12.375,16.5625,215,REAL_BY2_COMPLETE_RECORD_PREFIX,PASS_LSE01_H0_H2_HARTLEY_SOURCE_METHOD_AND_BY2_CONTRACT_READY,63277,63278
histogram,foot_force,1,FL,,,,,,,,,,,,,,,3,16.5625,20.75,143,REAL_BY2_COMPLETE_RECORD_PREFIX,PASS_LSE01_H0_H2_HARTLEY_SOURCE_METHOD_AND_BY2_CONTRACT_READY,63277,63278
histogram,foot_force,1,FL,,,,,,,,,,,,,,,4,20.75,24.9375,286,REAL_BY2_COMPLETE_RECORD_PREFIX,PASS_LSE01_H0_H2_HARTLEY_SOURCE_METHOD_AND_BY2_CONTRACT_READY,63277,63278
histogram,foot_force,1,FL,,,,,,,,,,,,,,,5,24.9375,29.125,655,REAL_BY2_COMPLETE_RECORD_PREFIX,PASS_LSE01_H0_H2_HARTLEY_SOURCE_METHOD_AND_BY2_CONTRACT_READY,63277,63278
histogram,foot_force,1,FL,,,,,,,,,,,,,,,6,29.125,33.3125,686,REAL_BY2_COMPLETE_RECORD_PREFIX,PASS_LSE01_H0_H2_HARTLEY_SOURCE_METHOD_AND_BY2_CONTRACT_READY,63277,63278
histogram,foot_force,1,FL,,,,,,,,,,,,,,,7,33.3125,37.5,1191,REAL_BY2_COMPLETE_RECORD_PREFIX,PASS_LSE01_H0_H2_HARTLEY_SOURCE_METHOD_AND_BY2_CONTRACT_READY,63277,63278
histogram,foot_force,1,FL,,,,,,,,,,,,,,,8,37.5,41.6875,5949,REAL_BY2_COMPLETE_RECORD_PREFIX,PASS_LSE01_H0_H2_HARTLEY_SOURCE_METHOD_AND_BY2_CONTRACT_READY,63277,63278
histogram,foot_force,1,FL,,,,,,,,,,,,,,,9,41.6875,45.875,3091,REAL_BY2_COMPLETE_RECORD_PREFIX,PASS_LSE01_H0_H2_HARTLEY_SOURCE_METHOD_AND_BY2_CONTRACT_READY,63277,63278
histogram,foot_force,1,FL,,,,,,,,,,,,,,,10,45.875,50.0625,6388,REAL_BY2_COMPLETE_RECORD_PREFIX,PASS_LSE01_H0_H2_HARTLEY_SOURCE_METHOD_AND_BY2_CONTRACT_READY,63277,63278
histogram,foot_force,1,FL,,,,,,,,,,,,,,,11,50.0625,54.25,5153,REAL_BY2_COMPLETE_RECORD_PREFIX,PASS_LSE01_H0_H2_HARTLEY_SOURCE_METHOD_AND_BY2_CONTRACT_READY,63277,63278
histogram,foot_force,1,FL,,,,,,,,,,,,,,,12,54.25,58.4375,5214,REAL_BY2_COMPLETE_RECORD_PREFIX,PASS_LSE01_H0_H2_HARTLEY_SOURCE_METHOD_AND_BY2_CONTRACT_READY,63277,63278
histogram,foot_force,1,FL,,,,,,,,,,,,,,,13,58.4375,62.625,3562,REAL_BY2_COMPLETE_RECORD_PREFIX,PASS_LSE01_H0_H2_HARTLEY_SOURCE_METHOD_AND_BY2_CONTRACT_READY,63277,63278
histogram,foot_force,1,FL,,,,,,,,,,,,,,,14,62.625,66.8125,1619,REAL_BY2_COMPLETE_RECORD_PREFIX,PASS_LSE01_H0_H2_HARTLEY_SOURCE_METHOD_AND_BY2_CONTRACT_READY,63277,63278
histogram,foot_force,1,FL,,,,,,,,,,,,,,,15,66.8125,71.0,585,REAL_BY2_COMPLETE_RECORD_PREFIX,PASS_LSE01_H0_H2_HARTLEY_SOURCE_METHOD_AND_BY2_CONTRACT_READY,63277,63278
histogram,foot_force,1,FL,,,,,,,,,,,,,,,16,71.0,75.1875,337,REAL_BY2_COMPLETE_RECORD_PREFIX,PASS_LSE01_H0_H2_HARTLEY_SOURCE_METHOD_AND_BY2_CONTRACT_READY,63277,63278
histogram,foot_force,1,FL,,,,,,,,,,,,,,,17,75.1875,79.375,218,REAL_BY2_COMPLETE_RECORD_PREFIX,PASS_LSE01_H0_H2_HARTLEY_SOURCE_METHOD_AND_BY2_CONTRACT_READY,63277,63278
histogram,foot_force,1,FL,,,,,,,,,,,,,,,18,79.375,83.5625,167,REAL_BY2_COMPLETE_RECORD_PREFIX,PASS_LSE01_H0_H2_HARTLEY_SOURCE_METHOD_AND_BY2_CONTRACT_READY,63277,63278
histogram,foot_force,1,FL,,,,,,,,,,,,,,,19,83.5625,87.75,149,REAL_BY2_COMPLETE_RECORD_PREFIX,PASS_LSE01_H0_H2_HARTLEY_SOURCE_METHOD_AND_BY2_CONTRACT_READY,63277,63278
histogram,foot_force,1,FL,,,,,,,,,,,,,,,20,87.75,91.9375,154,REAL_BY2_COMPLETE_RECORD_PREFIX,PASS_LSE01_H0_H2_HARTLEY_SOURCE_METHOD_AND_BY2_CONTRACT_READY,63277,63278
histogram,foot_force,1,FL,,,,,,,,,,,,,,,21,91.9375,96.125,102,REAL_BY2_COMPLETE_RECORD_PREFIX,PASS_LSE01_H0_H2_HARTLEY_SOURCE_METHOD_AND_BY2_CONTRACT_READY,63277,63278
histogram,foot_force,1,FL,,,,,,,,,,,,,,,22,96.125,100.3125,40,REAL_BY2_COMPLETE_RECORD_PREFIX,PASS_LSE01_H0_H2_HARTLEY_SOURCE_METHOD_AND_BY2_CONTRACT_READY,63277,63278
histogram,foot_force,1,FL,,,,,,,,,,,,,,,23,100.3125,104.5,16,REAL_BY2_COMPLETE_RECORD_PREFIX,PASS_LSE01_H0_H2_HARTLEY_SOURCE_METHOD_AND_BY2_CONTRACT_READY,63277,63278
histogram,foot_force,1,FL,,,,,,,,,,,,,,,24,104.5,108.6875,8,REAL_BY2_COMPLETE_RECORD_PREFIX,PASS_LSE01_H0_H2_HARTLEY_SOURCE_METHOD_AND_BY2_CONTRACT_READY,63277,63278
histogram,foot_force,1,FL,,,,,,,,,,,,,,,25,108.6875,112.875,4,REAL_BY2_COMPLETE_RECORD_PREFIX,PASS_LSE01_H0_H2_HARTLEY_SOURCE_METHOD_AND_BY2_CONTRACT_READY,63277,63278
histogram,foot_force,1,FL,,,,,,,,,,,,,,,26,112.875,117.0625,5,REAL_BY2_COMPLETE_RECORD_PREFIX,PASS_LSE01_H0_H2_HARTLEY_SOURCE_METHOD_AND_BY2_CONTRACT_READY,63277,63278
histogram,foot_force,1,FL,,,,,,,,,,,,,,,27,117.0625,121.25,5,REAL_BY2_COMPLETE_RECORD_PREFIX,PASS_LSE01_H0_H2_HARTLEY_SOURCE_METHOD_AND_BY2_CONTRACT_READY,63277,63278
histogram,foot_force,1,FL,,,,,,,,,,,,,,,28,121.25,125.4375,3,REAL_BY2_COMPLETE_RECORD_PREFIX,PASS_LSE01_H0_H2_HARTLEY_SOURCE_METHOD_AND_BY2_CONTRACT_READY,63277,63278
histogram,foot_force,1,FL,,,,,,,,,,,,,,,29,125.4375,129.625,0,REAL_BY2_COMPLETE_RECORD_PREFIX,PASS_LSE01_H0_H2_HARTLEY_SOURCE_METHOD_AND_BY2_CONTRACT_READY,63277,63278
histogram,foot_force,1,FL,,,,,,,,,,,,,,,30,129.625,133.8125,0,REAL_BY2_COMPLETE_RECORD_PREFIX,PASS_LSE01_H0_H2_HARTLEY_SOURCE_METHOD_AND_BY2_CONTRACT_READY,63277,63278
histogram,foot_force,1,FL,,,,,,,,,,,,,,,31,133.8125,138.0,1,REAL_BY2_COMPLETE_RECORD_PREFIX,PASS_LSE01_H0_H2_HARTLEY_SOURCE_METHOD_AND_BY2_CONTRACT_READY,63277,63278
quantiles,foot_force,2,RR,63277,63277,1.0,3.0,8.0,8.0,9.0,34.0,47.0,80.0,97.0,124.0,32.79283151856124,24.452047080983522,,,,,REAL_BY2_COMPLETE_RECORD_PREFIX,PASS_LSE01_H0_H2_HARTLEY_SOURCE_METHOD_AND_BY2_CONTRACT_READY,63277,63278
histogram,foot_force,2,RR,,,,,,,,,,,,,,,0,3.0,6.78125,3,REAL_BY2_COMPLETE_RECORD_PREFIX,PASS_LSE01_H0_H2_HARTLEY_SOURCE_METHOD_AND_BY2_CONTRACT_READY,63277,63278
histogram,foot_force,2,RR,,,,,,,,,,,,,,,1,6.78125,10.5625,26104,REAL_BY2_COMPLETE_RECORD_PREFIX,PASS_LSE01_H0_H2_HARTLEY_SOURCE_METHOD_AND_BY2_CONTRACT_READY,63277,63278
histogram,foot_force,2,RR,,,,,,,,,,,,,,,2,10.5625,14.34375,498,REAL_BY2_COMPLETE_RECORD_PREFIX,PASS_LSE01_H0_H2_HARTLEY_SOURCE_METHOD_AND_BY2_CONTRACT_READY,63277,63278
histogram,foot_force,2,RR,,,,,,,,,,,,,,,3,14.34375,18.125,227,REAL_BY2_COMPLETE_RECORD_PREFIX,PASS_LSE01_H0_H2_HARTLEY_SOURCE_METHOD_AND_BY2_CONTRACT_READY,63277,63278
histogram,foot_force,2,RR,,,,,,,,,,,,,,,4,18.125,21.90625,183,REAL_BY2_COMPLETE_RECORD_PREFIX,PASS_LSE01_H0_H2_HARTLEY_SOURCE_METHOD_AND_BY2_CONTRACT_READY,63277,63278
histogram,foot_force,2,RR,,,,,,,,,,,,,,,5,21.90625,25.6875,396,REAL_BY2_COMPLETE_RECORD_PREFIX,PASS_LSE01_H0_H2_HARTLEY_SOURCE_METHOD_AND_BY2_CONTRACT_READY,63277,63278
histogram,foot_force,2,RR,,,,,,,,,,,,,,,6,25.6875,29.46875,1212,REAL_BY2_COMPLETE_RECORD_PREFIX,PASS_LSE01_H0_H2_HARTLEY_SOURCE_METHOD_AND_BY2_CONTRACT_READY,63277,63278
histogram,foot_force,2,RR,,,,,,,,,,,,,,,7,29.46875,33.25,1720,REAL_BY2_COMPLETE_RECORD_PREFIX,PASS_LSE01_H0_H2_HARTLEY_SOURCE_METHOD_AND_BY2_CONTRACT_READY,63277,63278
histogram,foot_force,2,RR,,,,,,,,,,,,,,,8,33.25,37.03125,7239,REAL_BY2_COMPLETE_RECORD_PREFIX,PASS_LSE01_H0_H2_HARTLEY_SOURCE_METHOD_AND_BY2_CONTRACT_READY,63277,63278
histogram,foot_force,2,RR,,,,,,,,,,,,,,,9,37.03125,40.8125,2548,REAL_BY2_COMPLETE_RECORD_PREFIX,PASS_LSE01_H0_H2_HARTLEY_SOURCE_METHOD_AND_BY2_CONTRACT_READY,63277,63278
histogram,foot_force,2,RR,,,,,,,,,,,,,,,10,40.8125,44.59375,4374,REAL_BY2_COMPLETE_RECORD_PREFIX,PASS_LSE01_H0_H2_HARTLEY_SOURCE_METHOD_AND_BY2_CONTRACT_READY,63277,63278
histogram,foot_force,2,RR,,,,,,,,,,,,,,,11,44.59375,48.375,4528,REAL_BY2_COMPLETE_RECORD_PREFIX,PASS_LSE01_H0_H2_HARTLEY_SOURCE_METHOD_AND_BY2_CONTRACT_READY,63277,63278
histogram,foot_force,2,RR,,,,,,,,,,,,,,,12,48.375,52.15625,2611,REAL_BY2_COMPLETE_RECORD_PREFIX,PASS_LSE01_H0_H2_HARTLEY_SOURCE_METHOD_AND_BY2_CONTRACT_READY,63277,63278
histogram,foot_force,2,RR,,,,,,,,,,,,,,,13,52.15625,55.9375,851,REAL_BY2_COMPLETE_RECORD_PREFIX,PASS_LSE01_H0_H2_HARTLEY_SOURCE_METHOD_AND_BY2_CONTRACT_READY,63277,63278
histogram,foot_force,2,RR,,,,,,,,,,,,,,,14,55.9375,59.71875,975,REAL_BY2_COMPLETE_RECORD_PREFIX,PASS_LSE01_H0_H2_HARTLEY_SOURCE_METHOD_AND_BY2_CONTRACT_READY,63277,63278
histogram,foot_force,2,RR,,,,,,,,,,,,,,,15,59.71875,63.5,1031,REAL_BY2_COMPLETE_RECORD_PREFIX,PASS_LSE01_H0_H2_HARTLEY_SOURCE_METHOD_AND_BY2_CONTRACT_READY,63277,63278
histogram,foot_force,2,RR,,,,,,,,,,,,,,,16,63.5,67.28125,1276,REAL_BY2_COMPLETE_RECORD_PREFIX,PASS_LSE01_H0_H2_HARTLEY_SOURCE_METHOD_AND_BY2_CONTRACT_READY,63277,63278
histogram,foot_force,2,RR,,,,,,,,,,,,,,,17,67.28125,71.0625,1417,REAL_BY2_COMPLETE_RECORD_PREFIX,PASS_LSE01_H0_H2_HARTLEY_SOURCE_METHOD_AND_BY2_CONTRACT_READY,63277,63278
histogram,foot_force,2,RR,,,,,,,,,,,,,,,18,71.0625,74.84375,1578,REAL_BY2_COMPLETE_RECORD_PREFIX,PASS_LSE01_H0_H2_HARTLEY_SOURCE_METHOD_AND_BY2_CONTRACT_READY,63277,63278
histogram,foot_force,2,RR,,,,,,,,,,,,,,,19,74.84375,78.625,1168,REAL_BY2_COMPLETE_RECORD_PREFIX,PASS_LSE01_H0_H2_HARTLEY_SOURCE_METHOD_AND_BY2_CONTRACT_READY,63277,63278
histogram,foot_force,2,RR,,,,,,,,,,,,,,,20,78.625,82.40625,857,REAL_BY2_COMPLETE_RECORD_PREFIX,PASS_LSE01_H0_H2_HARTLEY_SOURCE_METHOD_AND_BY2_CONTRACT_READY,63277,63278
histogram,foot_force,2,RR,,,,,,,,,,,,,,,21,82.40625,86.1875,710,REAL_BY2_COMPLETE_RECORD_PREFIX,PASS_LSE01_H0_H2_HARTLEY_SOURCE_METHOD_AND_BY2_CONTRACT_READY,63277,63278
histogram,foot_force,2,RR,,,,,,,,,,,,,,,22,86.1875,89.96875,354,REAL_BY2_COMPLETE_RECORD_PREFIX,PASS_LSE01_H0_H2_HARTLEY_SOURCE_METHOD_AND_BY2_CONTRACT_READY,63277,63278
histogram,foot_force,2,RR,,,,,,,,,,,,,,,23,89.96875,93.75,499,REAL_BY2_COMPLETE_RECORD_PREFIX,PASS_LSE01_H0_H2_HARTLEY_SOURCE_METHOD_AND_BY2_CONTRACT_READY,63277,63278
histogram,foot_force,2,RR,,,,,,,,,,,,,,,24,93.75,97.53125,374,REAL_BY2_COMPLETE_RECORD_PREFIX,PASS_LSE01_H0_H2_HARTLEY_SOURCE_METHOD_AND_BY2_CONTRACT_READY,63277,63278
histogram,foot_force,2,RR,,,,,,,,,,,,,,,25,97.53125,101.3125,264,REAL_BY2_COMPLETE_RECORD_PREFIX,PASS_LSE01_H0_H2_HARTLEY_SOURCE_METHOD_AND_BY2_CONTRACT_READY,63277,63278
histogram,foot_force,2,RR,,,,,,,,,,,,,,,26,101.3125,105.09375,159,REAL_BY2_COMPLETE_RECORD_PREFIX,PASS_LSE01_H0_H2_HARTLEY_SOURCE_METHOD_AND_BY2_CONTRACT_READY,63277,63278
histogram,foot_force,2,RR,,,,,,,,,,,,,,,27,105.09375,108.875,51,REAL_BY2_COMPLETE_RECORD_PREFIX,PASS_LSE01_H0_H2_HARTLEY_SOURCE_METHOD_AND_BY2_CONTRACT_READY,63277,63278
histogram,foot_force,2,RR,,,,,,,,,,,,,,,28,108.875,112.65625,41,REAL_BY2_COMPLETE_RECORD_PREFIX,PASS_LSE01_H0_H2_HARTLEY_SOURCE_METHOD_AND_BY2_CONTRACT_READY,63277,63278
histogram,foot_force,2,RR,,,,,,,,,,,,,,,29,112.65625,116.4375,24,REAL_BY2_COMPLETE_RECORD_PREFIX,PASS_LSE01_H0_H2_HARTLEY_SOURCE_METHOD_AND_BY2_CONTRACT_READY,63277,63278
histogram,foot_force,2,RR,,,,,,,,,,,,,,,30,116.4375,120.21875,2,REAL_BY2_COMPLETE_RECORD_PREFIX,PASS_LSE01_H0_H2_HARTLEY_SOURCE_METHOD_AND_BY2_CONTRACT_READY,63277,63278
histogram,foot_force,2,RR,,,,,,,,,,,,,,,31,120.21875,124.0,3,REAL_BY2_COMPLETE_RECORD_PREFIX,PASS_LSE01_H0_H2_HARTLEY_SOURCE_METHOD_AND_BY2_CONTRACT_READY,63277,63278
quantiles,foot_force,3,RL,63277,63277,1.0,5.0,6.0,7.0,8.0,30.0,49.0,69.0,81.0,104.0,30.500023705295764,22.342615320164644,,,,,REAL_BY2_COMPLETE_RECORD_PREFIX,PASS_LSE01_H0_H2_HARTLEY_SOURCE_METHOD_AND_BY2_CONTRACT_READY,63277,63278
histogram,foot_force,3,RL,,,,,,,,,,,,,,,0,5.0,8.09375,25308,REAL_BY2_COMPLETE_RECORD_PREFIX,PASS_LSE01_H0_H2_HARTLEY_SOURCE_METHOD_AND_BY2_CONTRACT_READY,63277,63278
histogram,foot_force,3,RL,,,,,,,,,,,,,,,1,8.09375,11.1875,1803,REAL_BY2_COMPLETE_RECORD_PREFIX,PASS_LSE01_H0_H2_HARTLEY_SOURCE_METHOD_AND_BY2_CONTRACT_READY,63277,63278
histogram,foot_force,3,RL,,,,,,,,,,,,,,,2,11.1875,14.28125,198,REAL_BY2_COMPLETE_RECORD_PREFIX,PASS_LSE01_H0_H2_HARTLEY_SOURCE_METHOD_AND_BY2_CONTRACT_READY,63277,63278
histogram,foot_force,3,RL,,,,,,,,,,,,,,,3,14.28125,17.375,139,REAL_BY2_COMPLETE_RECORD_PREFIX,PASS_LSE01_H0_H2_HARTLEY_SOURCE_METHOD_AND_BY2_CONTRACT_READY,63277,63278
histogram,foot_force,3,RL,,,,,,,,,,,,,,,4,17.375,20.46875,180,REAL_BY2_COMPLETE_RECORD_PREFIX,PASS_LSE01_H0_H2_HARTLEY_SOURCE_METHOD_AND_BY2_CONTRACT_READY,63277,63278
histogram,foot_force,3,RL,,,,,,,,,,,,,,,5,20.46875,23.5625,220,REAL_BY2_COMPLETE_RECORD_PREFIX,PASS_LSE01_H0_H2_HARTLEY_SOURCE_METHOD_AND_BY2_CONTRACT_READY,63277,63278
histogram,foot_force,3,RL,,,,,,,,,,,,,,,6,23.5625,26.65625,230,REAL_BY2_COMPLETE_RECORD_PREFIX,PASS_LSE01_H0_H2_HARTLEY_SOURCE_METHOD_AND_BY2_CONTRACT_READY,63277,63278
histogram,foot_force,3,RL,,,,,,,,,,,,,,,7,26.65625,29.75,1283,REAL_BY2_COMPLETE_RECORD_PREFIX,PASS_LSE01_H0_H2_HARTLEY_SOURCE_METHOD_AND_BY2_CONTRACT_READY,63277,63278
histogram,foot_force,3,RL,,,,,,,,,,,,,,,8,29.75,32.84375,3823,REAL_BY2_COMPLETE_RECORD_PREFIX,PASS_LSE01_H0_H2_HARTLEY_SOURCE_METHOD_AND_BY2_CONTRACT_READY,63277,63278
histogram,foot_force,3,RL,,,,,,,,,,,,,,,9,32.84375,35.9375,912,REAL_BY2_COMPLETE_RECORD_PREFIX,PASS_LSE01_H0_H2_HARTLEY_SOURCE_METHOD_AND_BY2_CONTRACT_READY,63277,63278
histogram,foot_force,3,RL,,,,,,,,,,,,,,,10,35.9375,39.03125,2294,REAL_BY2_COMPLETE_RECORD_PREFIX,PASS_LSE01_H0_H2_HARTLEY_SOURCE_METHOD_AND_BY2_CONTRACT_READY,63277,63278
histogram,foot_force,3,RL,,,,,,,,,,,,,,,11,39.03125,42.125,3438,REAL_BY2_COMPLETE_RECORD_PREFIX,PASS_LSE01_H0_H2_HARTLEY_SOURCE_METHOD_AND_BY2_CONTRACT_READY,63277,63278
histogram,foot_force,3,RL,,,,,,,,,,,,,,,12,42.125,45.21875,3452,REAL_BY2_COMPLETE_RECORD_PREFIX,PASS_LSE01_H0_H2_HARTLEY_SOURCE_METHOD_AND_BY2_CONTRACT_READY,63277,63278
histogram,foot_force,3,RL,,,,,,,,,,,,,,,13,45.21875,48.3125,3568,REAL_BY2_COMPLETE_RECORD_PREFIX,PASS_LSE01_H0_H2_HARTLEY_SOURCE_METHOD_AND_BY2_CONTRACT_READY,63277,63278
histogram,foot_force,3,RL,,,,,,,,,,,,,,,14,48.3125,51.40625,3419,REAL_BY2_COMPLETE_RECORD_PREFIX,PASS_LSE01_H0_H2_HARTLEY_SOURCE_METHOD_AND_BY2_CONTRACT_READY,63277,63278
histogram,foot_force,3,RL,,,,,,,,,,,,,,,15,51.40625,54.5,4087,REAL_BY2_COMPLETE_RECORD_PREFIX,PASS_LSE01_H0_H2_HARTLEY_SOURCE_METHOD_AND_BY2_CONTRACT_READY,63277,63278
histogram,foot_force,3,RL,,,,,,,,,,,,,,,16,54.5,57.59375,1989,REAL_BY2_COMPLETE_RECORD_PREFIX,PASS_LSE01_H0_H2_HARTLEY_SOURCE_METHOD_AND_BY2_CONTRACT_READY,63277,63278
histogram,foot_force,3,RL,,,,,,,,,,,,,,,17,57.59375,60.6875,1350,REAL_BY2_COMPLETE_RECORD_PREFIX,PASS_LSE01_H0_H2_HARTLEY_SOURCE_METHOD_AND_BY2_CONTRACT_READY,63277,63278
histogram,foot_force,3,RL,,,,,,,,,,,,,,,18,60.6875,63.78125,872,REAL_BY2_COMPLETE_RECORD_PREFIX,PASS_LSE01_H0_H2_HARTLEY_SOURCE_METHOD_AND_BY2_CONTRACT_READY,63277,63278
histogram,foot_force,3,RL,,,,,,,,,,,,,,,19,63.78125,66.875,1156,REAL_BY2_COMPLETE_RECORD_PREFIX,PASS_LSE01_H0_H2_HARTLEY_SOURCE_METHOD_AND_BY2_CONTRACT_READY,63277,63278
histogram,foot_force,3,RL,,,,,,,,,,,,,,,20,66.875,69.96875,713,REAL_BY2_COMPLETE_RECORD_PREFIX,PASS_LSE01_H0_H2_HARTLEY_SOURCE_METHOD_AND_BY2_CONTRACT_READY,63277,63278
histogram,foot_force,3,RL,,,,,,,,,,,,,,,21,69.96875,73.0625,987,REAL_BY2_COMPLETE_RECORD_PREFIX,PASS_LSE01_H0_H2_HARTLEY_SOURCE_METHOD_AND_BY2_CONTRACT_READY,63277,63278
histogram,foot_force,3,RL,,,,,,,,,,,,,,,22,73.0625,76.15625,567,REAL_BY2_COMPLETE_RECORD_PREFIX,PASS_LSE01_H0_H2_HARTLEY_SOURCE_METHOD_AND_BY2_CONTRACT_READY,63277,63278
histogram,foot_force,3,RL,,,,,,,,,,,,,,,23,76.15625,79.25,453,REAL_BY2_COMPLETE_RECORD_PREFIX,PASS_LSE01_H0_H2_HARTLEY_SOURCE_METHOD_AND_BY2_CONTRACT_READY,63277,63278
histogram,foot_force,3,RL,,,,,,,,,,,,,,,24,79.25,82.34375,445,REAL_BY2_COMPLETE_RECORD_PREFIX,PASS_LSE01_H0_H2_HARTLEY_SOURCE_METHOD_AND_BY2_CONTRACT_READY,63277,63278
histogram,foot_force,3,RL,,,,,,,,,,,,,,,25,82.34375,85.4375,171,REAL_BY2_COMPLETE_RECORD_PREFIX,PASS_LSE01_H0_H2_HARTLEY_SOURCE_METHOD_AND_BY2_CONTRACT_READY,63277,63278
histogram,foot_force,3,RL,,,,,,,,,,,,,,,26,85.4375,88.53125,127,REAL_BY2_COMPLETE_RECORD_PREFIX,PASS_LSE01_H0_H2_HARTLEY_SOURCE_METHOD_AND_BY2_CONTRACT_READY,63277,63278
histogram,foot_force,3,RL,,,,,,,,,,,,,,,27,88.53125,91.625,44,REAL_BY2_COMPLETE_RECORD_PREFIX,PASS_LSE01_H0_H2_HARTLEY_SOURCE_METHOD_AND_BY2_CONTRACT_READY,63277,63278
histogram,foot_force,3,RL,,,,,,,,,,,,,,,28,91.625,94.71875,33,REAL_BY2_COMPLETE_RECORD_PREFIX,PASS_LSE01_H0_H2_HARTLEY_SOURCE_METHOD_AND_BY2_CONTRACT_READY,63277,63278
histogram,foot_force,3,RL,,,,,,,,,,,,,,,29,94.71875,97.8125,8,REAL_BY2_COMPLETE_RECORD_PREFIX,PASS_LSE01_H0_H2_HARTLEY_SOURCE_METHOD_AND_BY2_CONTRACT_READY,63277,63278
histogram,foot_force,3,RL,,,,,,,,,,,,,,,30,97.8125,100.90625,3,REAL_BY2_COMPLETE_RECORD_PREFIX,PASS_LSE01_H0_H2_HARTLEY_SOURCE_METHOD_AND_BY2_CONTRACT_READY,63277,63278
histogram,foot_force,3,RL,,,,,,,,,,,,,,,31,100.90625,104.0,5,REAL_BY2_COMPLETE_RECORD_PREFIX,PASS_LSE01_H0_H2_HARTLEY_SOURCE_METHOD_AND_BY2_CONTRACT_READY,63277,63278
