dataset_id,case_family,degradation_type_id,method_id,terminal_status,run_count
BY2,clean,CLEAN,A03,COMPLETED,1
BY2,clean,CLEAN,A04,COMPLETED,1
BY2,clean,CLEAN,A05,COMPLETED,1
BY2,clean,CLEAN,A06,COMPLETED,1
BY2,clean,CLEAN,A07,COMPLETED,1
BY2,clean,CLEAN,A08,COMPLETED,1
BY2,clean,CLEAN,A09,COMPLETED,1
BY2,clean,CLEAN,F01,COMPLETED,1
BY2,clean,CLEAN,F02,COMPLETED,1
BY2,clean,CLEAN,F03,COMPLETED,1
BY2,clean,CLEAN,F04,COMPLETED,1
BY2,dual_yaw,D30,A03,NOT_STARTED,9
BY2,dual_yaw,D30,A04,NOT_STARTED,9
BY2,dual_yaw,D30,A05,NOT_STARTED,9
BY2,dual_yaw,D30,A06,NOT_STARTED,9
BY2,dual_yaw,D30,A07,NOT_STARTED,9
BY2,dual_yaw,D30,A08,NOT_STARTED,9
BY2,dual_yaw,D30,A09,NOT_STARTED,9
BY2,dual_yaw,D30,F01,NOT_STARTED,9
BY2,dual_yaw,D30,F02,NOT_STARTED,9
BY2,dual_yaw,D30,F03,NOT_STARTED,9
BY2,dual_yaw,D30,F04,NOT_STARTED,9
BY2,dual_yaw,D31,A03,NOT_STARTED,9
BY2,dual_yaw,D31,A04,NOT_STARTED,9
BY2,dual_yaw,D31,A05,NOT_STARTED,9
BY2,dual_yaw,D31,A06,NOT_STARTED,9
BY2,dual_yaw,D31,A07,NOT_STARTED,9
BY2,dual_yaw,D31,A08,NOT_STARTED,9
BY2,dual_yaw,D31,A09,NOT_STARTED,9
BY2,dual_yaw,D31,F01,NOT_STARTED,9
BY2,dual_yaw,D31,F02,NOT_STARTED,9
BY2,dual_yaw,D31,F03,NOT_STARTED,9
BY2,dual_yaw,D31,F04,NOT_STARTED,9
BY2,dual_yaw,D32,A03,NOT_STARTED,9
BY2,dual_yaw,D32,A04,NOT_STARTED,9
BY2,dual_yaw,D32,A05,NOT_STARTED,9
BY2,dual_yaw,D32,A06,NOT_STARTED,9
BY2,dual_yaw,D32,A07,NOT_STARTED,9
BY2,dual_yaw,D32,A08,NOT_STARTED,9
BY2,dual_yaw,D32,A09,NOT_STARTED,9
BY2,dual_yaw,D32,F01,NOT_STARTED,9
BY2,dual_yaw,D32,F02,NOT_STARTED,9
BY2,dual_yaw,D32,F03,NOT_STARTED,9
BY2,dual_yaw,D32,F04,NOT_STARTED,9
BY2,dual_yaw,D33,A03,NOT_STARTED,9
BY2,dual_yaw,D33,A04,NOT_STARTED,9
BY2,dual_yaw,D33,A05,NOT_STARTED,9
BY2,dual_yaw,D33,A06,NOT_STARTED,9
BY2,dual_yaw,D33,A07,NOT_STARTED,9
BY2,dual_yaw,D33,A08,NOT_STARTED,9
BY2,dual_yaw,D33,A09,NOT_STARTED,9
BY2,dual_yaw,D33,F01,NOT_STARTED,9
BY2,dual_yaw,D33,F02,NOT_STARTED,9
BY2,dual_yaw,D33,F03,NOT_STARTED,9
BY2,dual_yaw,D33,F04,NOT_STARTED,9
BY2,dual_yaw,D34,A03,NOT_STARTED,9
BY2,dual_yaw,D34,A04,NOT_STARTED,9
BY2,dual_yaw,D34,A05,NOT_STARTED,9
BY2,dual_yaw,D34,A06,NOT_STARTED,9
BY2,dual_yaw,D34,A07,NOT_STARTED,9
BY2,dual_yaw,D34,A08,NOT_STARTED,9
BY2,dual_yaw,D34,A09,NOT_STARTED,9
BY2,dual_yaw,D34,F01,NOT_STARTED,9
BY2,dual_yaw,D34,F02,NOT_STARTED,9
BY2,dual_yaw,D34,F03,NOT_STARTED,9
BY2,dual_yaw,D34,F04,NOT_STARTED,9
BY2,dual_yaw,D35,A03,NOT_STARTED,9
BY2,dual_yaw,D35,A04,NOT_STARTED,9
BY2,dual_yaw,D35,A05,NOT_STARTED,9
BY2,dual_yaw,D35,A06,NOT_STARTED,9
BY2,dual_yaw,D35,A07,NOT_STARTED,9
BY2,dual_yaw,D35,A08,NOT_STARTED,9
BY2,dual_yaw,D35,A09,NOT_STARTED,9
BY2,dual_yaw,D35,F01,NOT_STARTED,9
BY2,dual_yaw,D35,F02,NOT_STARTED,9
BY2,dual_yaw,D35,F03,NOT_STARTED,9
BY2,dual_yaw,D35,F04,NOT_STARTED,9
BY2,dual_yaw,D36,A03,NOT_STARTED,9
BY2,dual_yaw,D36,A04,NOT_STARTED,9
BY2,dual_yaw,D36,A05,NOT_STARTED,9
BY2,dual_yaw,D36,A06,NOT_STARTED,9
BY2,dual_yaw,D36,A07,NOT_STARTED,9
BY2,dual_yaw,D36,A08,NOT_STARTED,9
BY2,dual_yaw,D36,A09,NOT_STARTED,9
BY2,dual_yaw,D36,F01,NOT_STARTED,9
BY2,dual_yaw,D36,F02,NOT_STARTED,9
BY2,dual_yaw,D36,F03,NOT_STARTED,9
BY2,dual_yaw,D36,F04,NOT_STARTED,9
BY2,dual_yaw,D37,A03,NOT_STARTED,9
BY2,dual_yaw,D37,A04,NOT_STARTED,9
BY2,dual_yaw,D37,A05,NOT_STARTED,9
BY2,dual_yaw,D37,A06,NOT_STARTED,9
BY2,dual_yaw,D37,A07,NOT_STARTED,9
BY2,dual_yaw,D37,A08,NOT_STARTED,9
BY2,dual_yaw,D37,A09,NOT_STARTED,9
BY2,dual_yaw,D37,F01,NOT_STARTED,9
BY2,dual_yaw,D37,F02,NOT_STARTED,9
BY2,dual_yaw,D37,F03,NOT_STARTED,9
BY2,dual_yaw,D37,F04,NOT_STARTED,9
BY2,dual_yaw,D38,A03,NOT_STARTED,9
BY2,dual_yaw,D38,A04,NOT_STARTED,9
BY2,dual_yaw,D38,A05,NOT_STARTED,9
BY2,dual_yaw,D38,A06,NOT_STARTED,9
BY2,dual_yaw,D38,A07,NOT_STARTED,9
BY2,dual_yaw,D38,A08,NOT_STARTED,9
BY2,dual_yaw,D38,A09,NOT_STARTED,9
BY2,dual_yaw,D38,F01,NOT_STARTED,9
BY2,dual_yaw,D38,F02,NOT_STARTED,9
BY2,dual_yaw,D38,F03,NOT_STARTED,9
BY2,dual_yaw,D38,F04,NOT_STARTED,9
BY2,dual_yaw,D39,A03,NOT_STARTED,9
BY2,dual_yaw,D39,A04,NOT_STARTED,9
BY2,dual_yaw,D39,A05,NOT_STARTED,9
BY2,dual_yaw,D39,A06,NOT_STARTED,9
BY2,dual_yaw,D39,A07,NOT_STARTED,9
BY2,dual_yaw,D39,A08,NOT_STARTED,9
BY2,dual_yaw,D39,A09,NOT_STARTED,9
BY2,dual_yaw,D39,F01,NOT_STARTED,9
BY2,dual_yaw,D39,F02,NOT_STARTED,9
BY2,dual_yaw,D39,F03,NOT_STARTED,9
BY2,dual_yaw,D39,F04,NOT_STARTED,9
BY2,dual_yaw,D40,A03,NOT_STARTED,9
BY2,dual_yaw,D40,A04,NOT_STARTED,9
BY2,dual_yaw,D40,A05,NOT_STARTED,9
BY2,dual_yaw,D40,A06,NOT_STARTED,9
BY2,dual_yaw,D40,A07,NOT_STARTED,9
BY2,dual_yaw,D40,A08,NOT_STARTED,9
BY2,dual_yaw,D40,A09,NOT_STARTED,9
BY2,dual_yaw,D40,F01,NOT_STARTED,9
BY2,dual_yaw,D40,F02,NOT_STARTED,9
BY2,dual_yaw,D40,F03,NOT_STARTED,9
BY2,dual_yaw,D40,F04,NOT_STARTED,9
BY2,dual_yaw,D41,A03,NOT_STARTED,9
BY2,dual_yaw,D41,A04,NOT_STARTED,9
BY2,dual_yaw,D41,A05,NOT_STARTED,9
BY2,dual_yaw,D41,A06,NOT_STARTED,9
BY2,dual_yaw,D41,A07,NOT_STARTED,9
BY2,dual_yaw,D41,A08,NOT_STARTED,9
BY2,dual_yaw,D41,A09,NOT_STARTED,9
BY2,dual_yaw,D41,F01,NOT_STARTED,9
BY2,dual_yaw,D41,F02,NOT_STARTED,9
BY2,dual_yaw,D41,F03,NOT_STARTED,9
BY2,dual_yaw,D41,F04,NOT_STARTED,9
BY2,gnss_outage,D01,A03,NOT_STARTED,9
BY2,gnss_outage,D01,A04,NOT_STARTED,9
BY2,gnss_outage,D01,A05,NOT_STARTED,9
BY2,gnss_outage,D01,A06,NOT_STARTED,9
BY2,gnss_outage,D01,A07,NOT_STARTED,9
BY2,gnss_outage,D01,A08,NOT_STARTED,9
BY2,gnss_outage,D01,A09,NOT_STARTED,9
BY2,gnss_outage,D01,F01,NOT_STARTED,9
BY2,gnss_outage,D01,F02,NOT_STARTED,9
BY2,gnss_outage,D01,F03,NOT_STARTED,9
BY2,gnss_outage,D01,F04,NOT_STARTED,9
BY2,gnss_outage,D02,A03,NOT_STARTED,9
BY2,gnss_outage,D02,A04,NOT_STARTED,9
BY2,gnss_outage,D02,A05,NOT_STARTED,9
BY2,gnss_outage,D02,A06,NOT_STARTED,9
BY2,gnss_outage,D02,A07,NOT_STARTED,9
BY2,gnss_outage,D02,A08,NOT_STARTED,9
BY2,gnss_outage,D02,A09,NOT_STARTED,9
BY2,gnss_outage,D02,F01,NOT_STARTED,9
BY2,gnss_outage,D02,F02,NOT_STARTED,9
BY2,gnss_outage,D02,F03,NOT_STARTED,9
BY2,gnss_outage,D02,F04,NOT_STARTED,9
BY2,gnss_outage,D03,A03,NOT_STARTED,9
BY2,gnss_outage,D03,A04,NOT_STARTED,9
BY2,gnss_outage,D03,A05,NOT_STARTED,9
BY2,gnss_outage,D03,A06,NOT_STARTED,9
BY2,gnss_outage,D03,A07,NOT_STARTED,9
BY2,gnss_outage,D03,A08,NOT_STARTED,9
BY2,gnss_outage,D03,A09,NOT_STARTED,9
BY2,gnss_outage,D03,F01,NOT_STARTED,9
BY2,gnss_outage,D03,F02,NOT_STARTED,9
BY2,gnss_outage,D03,F03,NOT_STARTED,9
BY2,gnss_outage,D03,F04,NOT_STARTED,9
BY2,gnss_outage,D04,A03,NOT_STARTED,9
BY2,gnss_outage,D04,A04,NOT_STARTED,9
BY2,gnss_outage,D04,A05,NOT_STARTED,9
BY2,gnss_outage,D04,A06,NOT_STARTED,9
BY2,gnss_outage,D04,A07,NOT_STARTED,9
BY2,gnss_outage,D04,A08,NOT_STARTED,9
BY2,gnss_outage,D04,A09,NOT_STARTED,9
BY2,gnss_outage,D04,F01,NOT_STARTED,9
BY2,gnss_outage,D04,F02,NOT_STARTED,9
BY2,gnss_outage,D04,F03,NOT_STARTED,9
BY2,gnss_outage,D04,F04,NOT_STARTED,9
BY2,gnss_outage,D05,A03,NOT_STARTED,9
BY2,gnss_outage,D05,A04,NOT_STARTED,9
BY2,gnss_outage,D05,A05,NOT_STARTED,9
BY2,gnss_outage,D05,A06,NOT_STARTED,9
BY2,gnss_outage,D05,A07,NOT_STARTED,9
BY2,gnss_outage,D05,A08,NOT_STARTED,9
BY2,gnss_outage,D05,A09,NOT_STARTED,9
BY2,gnss_outage,D05,F01,NOT_STARTED,9
BY2,gnss_outage,D05,F02,NOT_STARTED,9
BY2,gnss_outage,D05,F03,NOT_STARTED,9
BY2,gnss_outage,D05,F04,NOT_STARTED,9
BY2,gnss_outage,D06,A03,NOT_STARTED,9
BY2,gnss_outage,D06,A04,NOT_STARTED,9
BY2,gnss_outage,D06,A05,NOT_STARTED,9
BY2,gnss_outage,D06,A06,NOT_STARTED,9
BY2,gnss_outage,D06,A07,NOT_STARTED,9
BY2,gnss_outage,D06,A08,NOT_STARTED,9
BY2,gnss_outage,D06,A09,NOT_STARTED,9
BY2,gnss_outage,D06,F01,NOT_STARTED,9
BY2,gnss_outage,D06,F02,NOT_STARTED,9
BY2,gnss_outage,D06,F03,NOT_STARTED,9
BY2,gnss_outage,D06,F04,NOT_STARTED,9
BY2,gnss_outage,D07,A03,NOT_STARTED,9
BY2,gnss_outage,D07,A04,NOT_STARTED,9
BY2,gnss_outage,D07,A05,NOT_STARTED,9
BY2,gnss_outage,D07,A06,NOT_STARTED,9
BY2,gnss_outage,D07,A07,NOT_STARTED,9
BY2,gnss_outage,D07,A08,NOT_STARTED,9
BY2,gnss_outage,D07,A09,NOT_STARTED,9
BY2,gnss_outage,D07,F01,NOT_STARTED,9
BY2,gnss_outage,D07,F02,NOT_STARTED,9
BY2,gnss_outage,D07,F03,NOT_STARTED,9
BY2,gnss_outage,D07,F04,NOT_STARTED,9
BY2,gnss_sampling,D08,A03,NOT_STARTED,9
BY2,gnss_sampling,D08,A04,NOT_STARTED,9
BY2,gnss_sampling,D08,A05,NOT_STARTED,9
BY2,gnss_sampling,D08,A06,NOT_STARTED,9
BY2,gnss_sampling,D08,A07,NOT_STARTED,9
BY2,gnss_sampling,D08,A08,NOT_STARTED,9
BY2,gnss_sampling,D08,A09,NOT_STARTED,9
BY2,gnss_sampling,D08,F01,NOT_STARTED,9
BY2,gnss_sampling,D08,F02,NOT_STARTED,9
BY2,gnss_sampling,D08,F03,NOT_STARTED,9
BY2,gnss_sampling,D08,F04,NOT_STARTED,9
BY2,gnss_sampling,D09,A03,NOT_STARTED,9
BY2,gnss_sampling,D09,A04,NOT_STARTED,9
BY2,gnss_sampling,D09,A05,NOT_STARTED,9
BY2,gnss_sampling,D09,A06,NOT_STARTED,9
BY2,gnss_sampling,D09,A07,NOT_STARTED,9
BY2,gnss_sampling,D09,A08,NOT_STARTED,9
BY2,gnss_sampling,D09,A09,NOT_STARTED,9
BY2,gnss_sampling,D09,F01,NOT_STARTED,9
BY2,gnss_sampling,D09,F02,NOT_STARTED,9
BY2,gnss_sampling,D09,F03,NOT_STARTED,9
BY2,gnss_sampling,D09,F04,NOT_STARTED,9
BY2,gnss_sampling,D10,A03,NOT_STARTED,9
BY2,gnss_sampling,D10,A04,NOT_STARTED,9
BY2,gnss_sampling,D10,A05,NOT_STARTED,9
BY2,gnss_sampling,D10,A06,NOT_STARTED,9
BY2,gnss_sampling,D10,A07,NOT_STARTED,9
BY2,gnss_sampling,D10,A08,NOT_STARTED,9
BY2,gnss_sampling,D10,A09,NOT_STARTED,9
BY2,gnss_sampling,D10,F01,NOT_STARTED,9
BY2,gnss_sampling,D10,F02,NOT_STARTED,9
BY2,gnss_sampling,D10,F03,NOT_STARTED,9
BY2,gnss_sampling,D10,F04,NOT_STARTED,9
BY2,gnss_sampling,D11,A03,NOT_STARTED,9
BY2,gnss_sampling,D11,A04,NOT_STARTED,9
BY2,gnss_sampling,D11,A05,NOT_STARTED,9
BY2,gnss_sampling,D11,A06,NOT_STARTED,9
BY2,gnss_sampling,D11,A07,NOT_STARTED,9
BY2,gnss_sampling,D11,A08,NOT_STARTED,9
BY2,gnss_sampling,D11,A09,NOT_STARTED,9
BY2,gnss_sampling,D11,F01,NOT_STARTED,9
BY2,gnss_sampling,D11,F02,NOT_STARTED,9
BY2,gnss_sampling,D11,F03,NOT_STARTED,9
BY2,gnss_sampling,D11,F04,NOT_STARTED,9
BY2,gnss_sampling,D12,A03,NOT_STARTED,9
BY2,gnss_sampling,D12,A04,NOT_STARTED,9
BY2,gnss_sampling,D12,A05,NOT_STARTED,9
BY2,gnss_sampling,D12,A06,NOT_STARTED,9
BY2,gnss_sampling,D12,A07,NOT_STARTED,9
BY2,gnss_sampling,D12,A08,NOT_STARTED,9
BY2,gnss_sampling,D12,A09,NOT_STARTED,9
BY2,gnss_sampling,D12,F01,NOT_STARTED,9
BY2,gnss_sampling,D12,F02,NOT_STARTED,9
BY2,gnss_sampling,D12,F03,NOT_STARTED,9
BY2,gnss_sampling,D12,F04,NOT_STARTED,9
BY2,go2_prior_metadata,D51,A03,NOT_STARTED,9
BY2,go2_prior_metadata,D51,A04,NOT_STARTED,9
BY2,go2_prior_metadata,D51,A05,NOT_STARTED,9
BY2,go2_prior_metadata,D51,A06,NOT_STARTED,9
BY2,go2_prior_metadata,D51,A07,NOT_STARTED,9
BY2,go2_prior_metadata,D51,A08,NOT_STARTED,9
BY2,go2_prior_metadata,D51,A09,NOT_STARTED,9
BY2,go2_prior_metadata,D51,F01,NOT_STARTED,9
BY2,go2_prior_metadata,D51,F02,NOT_STARTED,9
BY2,go2_prior_metadata,D51,F03,NOT_STARTED,9
BY2,go2_prior_metadata,D51,F04,NOT_STARTED,9
BY2,go2_prior_metadata,D52,A03,NOT_STARTED,9
BY2,go2_prior_metadata,D52,A04,NOT_STARTED,9
BY2,go2_prior_metadata,D52,A05,NOT_STARTED,9
BY2,go2_prior_metadata,D52,A06,NOT_STARTED,9
BY2,go2_prior_metadata,D52,A07,NOT_STARTED,9
BY2,go2_prior_metadata,D52,A08,NOT_STARTED,9
BY2,go2_prior_metadata,D52,A09,NOT_STARTED,9
BY2,go2_prior_metadata,D52,F01,NOT_STARTED,9
BY2,go2_prior_metadata,D52,F02,NOT_STARTED,9
BY2,go2_prior_metadata,D52,F03,NOT_STARTED,9
BY2,go2_prior_metadata,D52,F04,NOT_STARTED,9
BY2,go2_prior_metadata,D53,A03,NOT_STARTED,9
BY2,go2_prior_metadata,D53,A04,NOT_STARTED,9
BY2,go2_prior_metadata,D53,A05,NOT_STARTED,9
BY2,go2_prior_metadata,D53,A06,NOT_STARTED,9
BY2,go2_prior_metadata,D53,A07,NOT_STARTED,9
BY2,go2_prior_metadata,D53,A08,NOT_STARTED,9
BY2,go2_prior_metadata,D53,A09,NOT_STARTED,9
BY2,go2_prior_metadata,D53,F01,NOT_STARTED,9
BY2,go2_prior_metadata,D53,F02,NOT_STARTED,9
BY2,go2_prior_metadata,D53,F03,NOT_STARTED,9
BY2,go2_prior_metadata,D53,F04,NOT_STARTED,9
BY2,go2_prior_metadata,D54,A03,NOT_STARTED,9
BY2,go2_prior_metadata,D54,A04,NOT_STARTED,9
BY2,go2_prior_metadata,D54,A05,NOT_STARTED,9
BY2,go2_prior_metadata,D54,A06,NOT_STARTED,9
BY2,go2_prior_metadata,D54,A07,NOT_STARTED,9
BY2,go2_prior_metadata,D54,A08,NOT_STARTED,9
BY2,go2_prior_metadata,D54,A09,NOT_STARTED,9
BY2,go2_prior_metadata,D54,F01,NOT_STARTED,9
BY2,go2_prior_metadata,D54,F02,NOT_STARTED,9
BY2,go2_prior_metadata,D54,F03,NOT_STARTED,9
BY2,go2_prior_metadata,D54,F04,NOT_STARTED,9
BY2,go2_prior_metadata,D55,A03,NOT_STARTED,9
BY2,go2_prior_metadata,D55,A04,NOT_STARTED,9
BY2,go2_prior_metadata,D55,A05,NOT_STARTED,9
BY2,go2_prior_metadata,D55,A06,NOT_STARTED,9
BY2,go2_prior_metadata,D55,A07,NOT_STARTED,9
BY2,go2_prior_metadata,D55,A08,NOT_STARTED,9
BY2,go2_prior_metadata,D55,A09,NOT_STARTED,9
BY2,go2_prior_metadata,D55,F01,NOT_STARTED,9
BY2,go2_prior_metadata,D55,F02,NOT_STARTED,9
BY2,go2_prior_metadata,D55,F03,NOT_STARTED,9
BY2,go2_prior_metadata,D55,F04,NOT_STARTED,9
BY2,go2_prior_metadata,D56,A03,NOT_STARTED,9
BY2,go2_prior_metadata,D56,A04,NOT_STARTED,9
BY2,go2_prior_metadata,D56,A05,NOT_STARTED,9
BY2,go2_prior_metadata,D56,A06,NOT_STARTED,9
BY2,go2_prior_metadata,D56,A07,NOT_STARTED,9
BY2,go2_prior_metadata,D56,A08,NOT_STARTED,9
BY2,go2_prior_metadata,D56,A09,NOT_STARTED,9
BY2,go2_prior_metadata,D56,F01,NOT_STARTED,9
BY2,go2_prior_metadata,D56,F02,NOT_STARTED,9
BY2,go2_prior_metadata,D56,F03,NOT_STARTED,9
BY2,go2_prior_metadata,D56,F04,NOT_STARTED,9
BY2,multi_source_mixed,D57,A03,NOT_STARTED,9
BY2,multi_source_mixed,D57,A04,NOT_STARTED,9
BY2,multi_source_mixed,D57,A05,NOT_STARTED,9
BY2,multi_source_mixed,D57,A06,NOT_STARTED,9
BY2,multi_source_mixed,D57,A07,NOT_STARTED,9
BY2,multi_source_mixed,D57,A08,NOT_STARTED,9
BY2,multi_source_mixed,D57,A09,NOT_STARTED,9
BY2,multi_source_mixed,D57,F01,NOT_STARTED,9
BY2,multi_source_mixed,D57,F02,NOT_STARTED,9
BY2,multi_source_mixed,D57,F03,NOT_STARTED,9
BY2,multi_source_mixed,D57,F04,NOT_STARTED,9
BY2,multi_source_mixed,D58,A03,NOT_STARTED,9
BY2,multi_source_mixed,D58,A04,NOT_STARTED,9
BY2,multi_source_mixed,D58,A05,NOT_STARTED,9
BY2,multi_source_mixed,D58,A06,NOT_STARTED,9
BY2,multi_source_mixed,D58,A07,NOT_STARTED,9
BY2,multi_source_mixed,D58,A08,NOT_STARTED,9
BY2,multi_source_mixed,D58,A09,NOT_STARTED,9
BY2,multi_source_mixed,D58,F01,NOT_STARTED,9
BY2,multi_source_mixed,D58,F02,NOT_STARTED,9
BY2,multi_source_mixed,D58,F03,NOT_STARTED,9
BY2,multi_source_mixed,D58,F04,NOT_STARTED,9
BY2,multi_source_mixed,D59,A03,NOT_STARTED,9
BY2,multi_source_mixed,D59,A04,NOT_STARTED,9
BY2,multi_source_mixed,D59,A05,NOT_STARTED,9
BY2,multi_source_mixed,D59,A06,NOT_STARTED,9
BY2,multi_source_mixed,D59,A07,NOT_STARTED,9
BY2,multi_source_mixed,D59,A08,NOT_STARTED,9
BY2,multi_source_mixed,D59,A09,NOT_STARTED,9
BY2,multi_source_mixed,D59,F01,NOT_STARTED,9
BY2,multi_source_mixed,D59,F02,NOT_STARTED,9
BY2,multi_source_mixed,D59,F03,NOT_STARTED,9
BY2,multi_source_mixed,D59,F04,NOT_STARTED,9
BY2,multi_source_mixed,D60,A03,NOT_STARTED,9
BY2,multi_source_mixed,D60,A04,NOT_STARTED,9
BY2,multi_source_mixed,D60,A05,NOT_STARTED,9
BY2,multi_source_mixed,D60,A06,NOT_STARTED,9
BY2,multi_source_mixed,D60,A07,NOT_STARTED,9
BY2,multi_source_mixed,D60,A08,NOT_STARTED,9
BY2,multi_source_mixed,D60,A09,NOT_STARTED,9
BY2,multi_source_mixed,D60,F01,NOT_STARTED,9
BY2,multi_source_mixed,D60,F02,NOT_STARTED,9
BY2,multi_source_mixed,D60,F03,NOT_STARTED,9
BY2,multi_source_mixed,D60,F04,NOT_STARTED,9
BY2,position_std_status,D23,A03,NOT_STARTED,9
BY2,position_std_status,D23,A04,NOT_STARTED,9
BY2,position_std_status,D23,A05,NOT_STARTED,9
BY2,position_std_status,D23,A06,NOT_STARTED,9
BY2,position_std_status,D23,A07,NOT_STARTED,9
BY2,position_std_status,D23,A08,NOT_STARTED,9
BY2,position_std_status,D23,A09,NOT_STARTED,9
BY2,position_std_status,D23,F01,NOT_STARTED,9
BY2,position_std_status,D23,F02,NOT_STARTED,9
BY2,position_std_status,D23,F03,NOT_STARTED,9
BY2,position_std_status,D23,F04,NOT_STARTED,9
BY2,position_std_status,D24,A03,NOT_STARTED,9
BY2,position_std_status,D24,A04,NOT_STARTED,9
BY2,position_std_status,D24,A05,NOT_STARTED,9
BY2,position_std_status,D24,A06,NOT_STARTED,9
BY2,position_std_status,D24,A07,NOT_STARTED,9
BY2,position_std_status,D24,A08,NOT_STARTED,9
BY2,position_std_status,D24,A09,NOT_STARTED,9
BY2,position_std_status,D24,F01,NOT_STARTED,9
BY2,position_std_status,D24,F02,NOT_STARTED,9
BY2,position_std_status,D24,F03,NOT_STARTED,9
BY2,position_std_status,D24,F04,NOT_STARTED,9
BY2,position_std_status,D25,A03,NOT_STARTED,9
BY2,position_std_status,D25,A04,NOT_STARTED,9
BY2,position_std_status,D25,A05,NOT_STARTED,9
BY2,position_std_status,D25,A06,NOT_STARTED,9
BY2,position_std_status,D25,A07,NOT_STARTED,9
BY2,position_std_status,D25,A08,NOT_STARTED,9
BY2,position_std_status,D25,A09,NOT_STARTED,9
BY2,position_std_status,D25,F01,NOT_STARTED,9
BY2,position_std_status,D25,F02,NOT_STARTED,9
BY2,position_std_status,D25,F03,NOT_STARTED,9
BY2,position_std_status,D25,F04,NOT_STARTED,9
BY2,position_std_status,D26,A03,NOT_STARTED,9
BY2,position_std_status,D26,A04,NOT_STARTED,9
BY2,position_std_status,D26,A05,NOT_STARTED,9
BY2,position_std_status,D26,A06,NOT_STARTED,9
BY2,position_std_status,D26,A07,NOT_STARTED,9
BY2,position_std_status,D26,A08,NOT_STARTED,9
BY2,position_std_status,D26,A09,NOT_STARTED,9
BY2,position_std_status,D26,F01,NOT_STARTED,9
BY2,position_std_status,D26,F02,NOT_STARTED,9
BY2,position_std_status,D26,F03,NOT_STARTED,9
BY2,position_std_status,D26,F04,NOT_STARTED,9
BY2,position_std_status,D27,A03,NOT_STARTED,9
BY2,position_std_status,D27,A04,NOT_STARTED,9
BY2,position_std_status,D27,A05,NOT_STARTED,9
BY2,position_std_status,D27,A06,NOT_STARTED,9
BY2,position_std_status,D27,A07,NOT_STARTED,9
BY2,position_std_status,D27,A08,NOT_STARTED,9
BY2,position_std_status,D27,A09,NOT_STARTED,9
BY2,position_std_status,D27,F01,NOT_STARTED,9
BY2,position_std_status,D27,F02,NOT_STARTED,9
BY2,position_std_status,D27,F03,NOT_STARTED,9
BY2,position_std_status,D27,F04,NOT_STARTED,9
BY2,position_std_status,D28,A03,NOT_STARTED,9
BY2,position_std_status,D28,A04,NOT_STARTED,9
BY2,position_std_status,D28,A05,NOT_STARTED,9
BY2,position_std_status,D28,A06,NOT_STARTED,9
BY2,position_std_status,D28,A07,NOT_STARTED,9
BY2,position_std_status,D28,A08,NOT_STARTED,9
BY2,position_std_status,D28,A09,NOT_STARTED,9
BY2,position_std_status,D28,F01,NOT_STARTED,9
BY2,position_std_status,D28,F02,NOT_STARTED,9
BY2,position_std_status,D28,F03,NOT_STARTED,9
BY2,position_std_status,D28,F04,NOT_STARTED,9
BY2,position_std_status,D29,A03,NOT_STARTED,9
BY2,position_std_status,D29,A04,NOT_STARTED,9
BY2,position_std_status,D29,A05,NOT_STARTED,9
BY2,position_std_status,D29,A06,NOT_STARTED,9
BY2,position_std_status,D29,A07,NOT_STARTED,9
BY2,position_std_status,D29,A08,NOT_STARTED,9
BY2,position_std_status,D29,A09,NOT_STARTED,9
BY2,position_std_status,D29,F01,NOT_STARTED,9
BY2,position_std_status,D29,F02,NOT_STARTED,9
BY2,position_std_status,D29,F03,NOT_STARTED,9
BY2,position_std_status,D29,F04,NOT_STARTED,9
BY2,position_value,D13,A03,NOT_STARTED,9
BY2,position_value,D13,A04,NOT_STARTED,9
BY2,position_value,D13,A05,NOT_STARTED,9
BY2,position_value,D13,A06,NOT_STARTED,9
BY2,position_value,D13,A07,NOT_STARTED,9
BY2,position_value,D13,A08,NOT_STARTED,9
BY2,position_value,D13,A09,NOT_STARTED,9
BY2,position_value,D13,F01,NOT_STARTED,9
BY2,position_value,D13,F02,NOT_STARTED,9
BY2,position_value,D13,F03,NOT_STARTED,9
BY2,position_value,D13,F04,NOT_STARTED,9
BY2,position_value,D14,A03,NOT_STARTED,9
BY2,position_value,D14,A04,NOT_STARTED,9
BY2,position_value,D14,A05,NOT_STARTED,9
BY2,position_value,D14,A06,NOT_STARTED,9
BY2,position_value,D14,A07,NOT_STARTED,9
BY2,position_value,D14,A08,NOT_STARTED,9
BY2,position_value,D14,A09,NOT_STARTED,9
BY2,position_value,D14,F01,NOT_STARTED,9
BY2,position_value,D14,F02,NOT_STARTED,9
BY2,position_value,D14,F03,NOT_STARTED,9
BY2,position_value,D14,F04,NOT_STARTED,9
BY2,position_value,D15,A03,NOT_STARTED,9
BY2,position_value,D15,A04,NOT_STARTED,9
BY2,position_value,D15,A05,NOT_STARTED,9
BY2,position_value,D15,A06,NOT_STARTED,9
BY2,position_value,D15,A07,NOT_STARTED,9
BY2,position_value,D15,A08,NOT_STARTED,9
BY2,position_value,D15,A09,NOT_STARTED,9
BY2,position_value,D15,F01,NOT_STARTED,9
BY2,position_value,D15,F02,NOT_STARTED,9
BY2,position_value,D15,F03,NOT_STARTED,9
BY2,position_value,D15,F04,NOT_STARTED,9
BY2,position_value,D16,A03,NOT_STARTED,9
BY2,position_value,D16,A04,NOT_STARTED,9
BY2,position_value,D16,A05,NOT_STARTED,9
BY2,position_value,D16,A06,NOT_STARTED,9
BY2,position_value,D16,A07,NOT_STARTED,9
BY2,position_value,D16,A08,NOT_STARTED,9
BY2,position_value,D16,A09,NOT_STARTED,9
BY2,position_value,D16,F01,NOT_STARTED,9
BY2,position_value,D16,F02,NOT_STARTED,9
BY2,position_value,D16,F03,NOT_STARTED,9
BY2,position_value,D16,F04,NOT_STARTED,9
BY2,position_value,D17,A03,NOT_STARTED,9
BY2,position_value,D17,A04,NOT_STARTED,9
BY2,position_value,D17,A05,NOT_STARTED,9
BY2,position_value,D17,A06,NOT_STARTED,9
BY2,position_value,D17,A07,NOT_STARTED,9
BY2,position_value,D17,A08,NOT_STARTED,9
BY2,position_value,D17,A09,NOT_STARTED,9
BY2,position_value,D17,F01,NOT_STARTED,9
BY2,position_value,D17,F02,NOT_STARTED,9
BY2,position_value,D17,F03,NOT_STARTED,9
BY2,position_value,D17,F04,NOT_STARTED,9
BY2,position_value,D18,A03,NOT_STARTED,9
BY2,position_value,D18,A04,NOT_STARTED,9
BY2,position_value,D18,A05,NOT_STARTED,9
BY2,position_value,D18,A06,NOT_STARTED,9
BY2,position_value,D18,A07,NOT_STARTED,9
BY2,position_value,D18,A08,NOT_STARTED,9
BY2,position_value,D18,A09,NOT_STARTED,9
BY2,position_value,D18,F01,NOT_STARTED,9
BY2,position_value,D18,F02,NOT_STARTED,9
BY2,position_value,D18,F03,NOT_STARTED,9
BY2,position_value,D18,F04,NOT_STARTED,9
BY2,position_value,D19,A03,NOT_STARTED,9
BY2,position_value,D19,A04,NOT_STARTED,9
BY2,position_value,D19,A05,NOT_STARTED,9
BY2,position_value,D19,A06,NOT_STARTED,9
BY2,position_value,D19,A07,NOT_STARTED,9
BY2,position_value,D19,A08,NOT_STARTED,9
BY2,position_value,D19,A09,NOT_STARTED,9
BY2,position_value,D19,F01,NOT_STARTED,9
BY2,position_value,D19,F02,NOT_STARTED,9
BY2,position_value,D19,F03,NOT_STARTED,9
BY2,position_value,D19,F04,NOT_STARTED,9
BY2,position_value,D20,A03,NOT_STARTED,9
BY2,position_value,D20,A04,NOT_STARTED,9
BY2,position_value,D20,A05,NOT_STARTED,9
BY2,position_value,D20,A06,NOT_STARTED,9
BY2,position_value,D20,A07,NOT_STARTED,9
BY2,position_value,D20,A08,NOT_STARTED,9
BY2,position_value,D20,A09,NOT_STARTED,9
BY2,position_value,D20,F01,NOT_STARTED,9
BY2,position_value,D20,F02,NOT_STARTED,9
BY2,position_value,D20,F03,NOT_STARTED,9
BY2,position_value,D20,F04,NOT_STARTED,9
BY2,position_value,D21,A03,NOT_STARTED,9
BY2,position_value,D21,A04,NOT_STARTED,9
BY2,position_value,D21,A05,NOT_STARTED,9
BY2,position_value,D21,A06,NOT_STARTED,9
BY2,position_value,D21,A07,NOT_STARTED,9
BY2,position_value,D21,A08,NOT_STARTED,9
BY2,position_value,D21,A09,NOT_STARTED,9
BY2,position_value,D21,F01,NOT_STARTED,9
BY2,position_value,D21,F02,NOT_STARTED,9
BY2,position_value,D21,F03,NOT_STARTED,9
BY2,position_value,D21,F04,NOT_STARTED,9
BY2,position_value,D22,A03,NOT_STARTED,9
BY2,position_value,D22,A04,NOT_STARTED,9
BY2,position_value,D22,A05,NOT_STARTED,9
BY2,position_value,D22,A06,NOT_STARTED,9
BY2,position_value,D22,A07,NOT_STARTED,9
BY2,position_value,D22,A08,NOT_STARTED,9
BY2,position_value,D22,A09,NOT_STARTED,9
BY2,position_value,D22,F01,NOT_STARTED,9
BY2,position_value,D22,F02,NOT_STARTED,9
BY2,position_value,D22,F03,NOT_STARTED,9
BY2,position_value,D22,F04,NOT_STARTED,9
BY2,velocity_raw_doppler,D42,A03,NOT_STARTED,9
BY2,velocity_raw_doppler,D42,A04,NOT_STARTED,9
BY2,velocity_raw_doppler,D42,A05,NOT_STARTED,9
BY2,velocity_raw_doppler,D42,A06,NOT_STARTED,9
BY2,velocity_raw_doppler,D42,A07,NOT_STARTED,9
BY2,velocity_raw_doppler,D42,A08,NOT_STARTED,9
BY2,velocity_raw_doppler,D42,A09,NOT_STARTED,9
BY2,velocity_raw_doppler,D42,F01,NOT_STARTED,9
BY2,velocity_raw_doppler,D42,F02,NOT_STARTED,9
BY2,velocity_raw_doppler,D42,F03,NOT_STARTED,9
BY2,velocity_raw_doppler,D42,F04,NOT_STARTED,9
BY2,velocity_raw_doppler,D43,A03,NOT_STARTED,9
BY2,velocity_raw_doppler,D43,A04,NOT_STARTED,9
BY2,velocity_raw_doppler,D43,A05,NOT_STARTED,9
BY2,velocity_raw_doppler,D43,A06,NOT_STARTED,9
BY2,velocity_raw_doppler,D43,A07,NOT_STARTED,9
BY2,velocity_raw_doppler,D43,A08,NOT_STARTED,9
BY2,velocity_raw_doppler,D43,A09,NOT_STARTED,9
BY2,velocity_raw_doppler,D43,F01,NOT_STARTED,9
BY2,velocity_raw_doppler,D43,F02,NOT_STARTED,9
BY2,velocity_raw_doppler,D43,F03,NOT_STARTED,9
BY2,velocity_raw_doppler,D43,F04,NOT_STARTED,9
BY2,velocity_raw_doppler,D44,A03,NOT_STARTED,9
BY2,velocity_raw_doppler,D44,A04,NOT_STARTED,9
BY2,velocity_raw_doppler,D44,A05,NOT_STARTED,9
BY2,velocity_raw_doppler,D44,A06,NOT_STARTED,9
BY2,velocity_raw_doppler,D44,A07,NOT_STARTED,9
BY2,velocity_raw_doppler,D44,A08,NOT_STARTED,9
BY2,velocity_raw_doppler,D44,A09,NOT_STARTED,9
BY2,velocity_raw_doppler,D44,F01,NOT_STARTED,9
BY2,velocity_raw_doppler,D44,F02,NOT_STARTED,9
BY2,velocity_raw_doppler,D44,F03,NOT_STARTED,9
BY2,velocity_raw_doppler,D44,F04,NOT_STARTED,9
BY2,velocity_raw_doppler,D45,A03,NOT_STARTED,9
BY2,velocity_raw_doppler,D45,A04,NOT_STARTED,9
BY2,velocity_raw_doppler,D45,A05,NOT_STARTED,9
BY2,velocity_raw_doppler,D45,A06,NOT_STARTED,9
BY2,velocity_raw_doppler,D45,A07,NOT_STARTED,9
BY2,velocity_raw_doppler,D45,A08,NOT_STARTED,9
BY2,velocity_raw_doppler,D45,A09,NOT_STARTED,9
BY2,velocity_raw_doppler,D45,F01,NOT_STARTED,9
BY2,velocity_raw_doppler,D45,F02,NOT_STARTED,9
BY2,velocity_raw_doppler,D45,F03,NOT_STARTED,9
BY2,velocity_raw_doppler,D45,F04,NOT_STARTED,9
BY2,velocity_raw_doppler,D46,A03,NOT_STARTED,9
BY2,velocity_raw_doppler,D46,A04,NOT_STARTED,9
BY2,velocity_raw_doppler,D46,A05,NOT_STARTED,9
BY2,velocity_raw_doppler,D46,A06,NOT_STARTED,9
BY2,velocity_raw_doppler,D46,A07,NOT_STARTED,9
BY2,velocity_raw_doppler,D46,A08,NOT_STARTED,9
BY2,velocity_raw_doppler,D46,A09,NOT_STARTED,9
BY2,velocity_raw_doppler,D46,F01,NOT_STARTED,9
BY2,velocity_raw_doppler,D46,F02,NOT_STARTED,9
BY2,velocity_raw_doppler,D46,F03,NOT_STARTED,9
BY2,velocity_raw_doppler,D46,F04,NOT_STARTED,9
BY2,velocity_raw_doppler,D47,A03,NOT_STARTED,9
BY2,velocity_raw_doppler,D47,A04,NOT_STARTED,9
BY2,velocity_raw_doppler,D47,A05,NOT_STARTED,9
BY2,velocity_raw_doppler,D47,A06,NOT_STARTED,9
BY2,velocity_raw_doppler,D47,A07,NOT_STARTED,9
BY2,velocity_raw_doppler,D47,A08,NOT_STARTED,9
BY2,velocity_raw_doppler,D47,A09,NOT_STARTED,9
BY2,velocity_raw_doppler,D47,F01,NOT_STARTED,9
BY2,velocity_raw_doppler,D47,F02,NOT_STARTED,9
BY2,velocity_raw_doppler,D47,F03,NOT_STARTED,9
BY2,velocity_raw_doppler,D47,F04,NOT_STARTED,9
BY2,velocity_raw_doppler,D48,A03,NOT_STARTED,9
BY2,velocity_raw_doppler,D48,A04,NOT_STARTED,9
BY2,velocity_raw_doppler,D48,A05,NOT_STARTED,9
BY2,velocity_raw_doppler,D48,A06,NOT_STARTED,9
BY2,velocity_raw_doppler,D48,A07,NOT_STARTED,9
BY2,velocity_raw_doppler,D48,A08,NOT_STARTED,9
BY2,velocity_raw_doppler,D48,A09,NOT_STARTED,9
BY2,velocity_raw_doppler,D48,F01,NOT_STARTED,9
BY2,velocity_raw_doppler,D48,F02,NOT_STARTED,9
BY2,velocity_raw_doppler,D48,F03,NOT_STARTED,9
BY2,velocity_raw_doppler,D48,F04,NOT_STARTED,9
BY2,velocity_raw_doppler,D49,A03,NOT_STARTED,9
BY2,velocity_raw_doppler,D49,A04,NOT_STARTED,9
BY2,velocity_raw_doppler,D49,A05,NOT_STARTED,9
BY2,velocity_raw_doppler,D49,A06,NOT_STARTED,9
BY2,velocity_raw_doppler,D49,A07,NOT_STARTED,9
BY2,velocity_raw_doppler,D49,A08,NOT_STARTED,9
BY2,velocity_raw_doppler,D49,A09,NOT_STARTED,9
BY2,velocity_raw_doppler,D49,F01,NOT_STARTED,9
BY2,velocity_raw_doppler,D49,F02,NOT_STARTED,9
BY2,velocity_raw_doppler,D49,F03,NOT_STARTED,9
BY2,velocity_raw_doppler,D49,F04,NOT_STARTED,9
BY2,velocity_raw_doppler,D50,A03,NOT_STARTED,9
BY2,velocity_raw_doppler,D50,A04,NOT_STARTED,9
BY2,velocity_raw_doppler,D50,A05,NOT_STARTED,9
BY2,velocity_raw_doppler,D50,A06,NOT_STARTED,9
BY2,velocity_raw_doppler,D50,A07,NOT_STARTED,9
BY2,velocity_raw_doppler,D50,A08,NOT_STARTED,9
BY2,velocity_raw_doppler,D50,A09,NOT_STARTED,9
BY2,velocity_raw_doppler,D50,F01,NOT_STARTED,9
BY2,velocity_raw_doppler,D50,F02,NOT_STARTED,9
BY2,velocity_raw_doppler,D50,F03,NOT_STARTED,9
BY2,velocity_raw_doppler,D50,F04,NOT_STARTED,9
BY2H,natural_sequence,CLEAN,A03,FAILED_TECHNICAL,1
BY2H,natural_sequence,CLEAN,A04,FAILED_TECHNICAL,1
BY2H,natural_sequence,CLEAN,A05,FAILED_TECHNICAL,1
BY2H,natural_sequence,CLEAN,A06,FAILED_TECHNICAL,1
BY2H,natural_sequence,CLEAN,A07,FAILED_TECHNICAL,1
BY2H,natural_sequence,CLEAN,A08,FAILED_TECHNICAL,1
BY2H,natural_sequence,CLEAN,A09,FAILED_TECHNICAL,1
BY2H,natural_sequence,CLEAN,F01,FAILED_TECHNICAL,1
BY2H,natural_sequence,CLEAN,F02,FAILED_TECHNICAL,1
BY2H,natural_sequence,CLEAN,F03,FAILED_TECHNICAL,1
BY2H,natural_sequence,CLEAN,F04,FAILED_TECHNICAL,1
BY2O,natural_sequence,CLEAN,A03,FAILED_TECHNICAL,1
BY2O,natural_sequence,CLEAN,A04,FAILED_TECHNICAL,1
BY2O,natural_sequence,CLEAN,A05,FAILED_TECHNICAL,1
BY2O,natural_sequence,CLEAN,A06,FAILED_TECHNICAL,1
BY2O,natural_sequence,CLEAN,A07,FAILED_TECHNICAL,1
BY2O,natural_sequence,CLEAN,A08,FAILED_TECHNICAL,1
BY2O,natural_sequence,CLEAN,A09,FAILED_TECHNICAL,1
BY2O,natural_sequence,CLEAN,F01,FAILED_TECHNICAL,1
BY2O,natural_sequence,CLEAN,F02,FAILED_TECHNICAL,1
BY2O,natural_sequence,CLEAN,F03,FAILED_TECHNICAL,1
BY2O,natural_sequence,CLEAN,F04,FAILED_TECHNICAL,1
